Timestamp,Location,Family member,Age,Male members,Female members,Building age,Land size,Male guest room,Female guest room,Living room,Outside room,,total family members ,,,,
2019/05/24 5:54:13 pm GMT-6,3.00,1.00,60.00,2.00,5.00,1989.00,600.00,6.00,8.00,5.00,360.00,,7.00,,,,
2019/05/25 9:16:34 am GMT-6,4.00,1.00,48.00,4.00,4.00,2003.00,1000.00,15.00,0.00,360.00,360.00,,8.00,,,,
2019/05/25 11:10:56 am GMT-6,2.00,2.00,55.00,3.00,4.00,2011.00,700.00,15.00,15.00,360.00,100.00,,7.00,,,,
2019/05/24 6:42:35 pm GMT-6,2.00,2.00,52.00,4.00,1.00,1995.00,390.00,7.00,20.00,360.00,0.00,,5.00,,,,
2019/05/24 6:05:21 pm GMT-6,1.00,2.00,55.00,3.00,2.00,1996.00,450.00,10.00,5.00,360.00,50.00,,5.00,,,,
2019/05/24 6:41:23 pm GMT-6,2.00,3.00,20.00,3.00,3.00,1998.00,600.00,12.00,20.00,360.00,0.00,,6.00,,,,
2019/05/22 7:06:33 am GMT-6,1.00,2.00,25.00,11.00,5.00,2008.00,945.00,20.00,10.00,360.00,360.00,,16.00,,,,
2019/05/22 3:46:03 am GMT-6,3.00,1.00,26.00,2.00,3.00,1998.00,4500.00,5.00,15.00,0.00,360.00,,5.00,,,,
2019/05/22 11:58:01 am GMT-6,1.00,2.00,26.00,1.00,4.00,1993.00,1000.00,5.00,20.00,0.00,160.00,,5.00,,,,
2019/05/24 6:32:37 pm GMT-6,4.00,2.00,26.00,3.00,8.00,1988.00,500.00,4.00,4.00,360.00,160.00,,11.00,,,,
2019/05/24 11:02:37 pm GMT-6,1.00,1.00,26.00,3.00,2.00,2008.00,380.00,0.00,0.00,5.00,0.00,,5.00,,,,
2019/05/24 11:26:53 pm GMT-6,1.00,1.00,26.00,4.00,2.00,2007.00,750.00,1.00,0.00,50.00,360.00,,6.00,,,,
2019/05/22 3:34:51 am GMT-6,1.00,2.00,27.00,3.00,2.00,1999.00,600.00,12.00,12.00,300.00,250.00,,5.00,,,,
2019/05/24 5:48:40 pm GMT-6,2.00,1.00,27.00,6.00,1.00,2009.00,300.00,8.00,0.00,360.00,360.00,,7.00,,,,
2019/05/24 5:54:08 pm GMT-6,5.00,1.00,27.00,2.00,4.00,1990.00,400.00,20.00,40.00,360.00,0.00,,6.00,,,,
2019/05/24 6:56:18 pm GMT-6,1.00,1.00,27.00,4.00,3.00,2014.00,1100.00,7.00,14.00,360.00,0.00,,7.00,,,,
2019/05/24 6:59:26 pm GMT-6,3.00,3.00,27.00,1.00,3.00,1999.00,120.00,4.00,9.00,360.00,0.00,,4.00,,,,
2019/05/24 8:09:11 pm GMT-6,3.00,2.00,27.00,4.00,3.00,1978.00,220.00,8.00,0.00,360.00,0.00,,7.00,,,,
2019/05/25 12:55:00 pm GMT-6,5.00,1.00,27.00,3.00,4.00,2018.00,375.00,5.00,50.00,360.00,360.00,,7.00,,,,
2019/05/25 5:47:15 pm GMT-6,1.00,1.00,27.00,7.00,0.00,1984.00,500.00,300.00,50.00,360.00,0.00,,7.00,,,,
2019/05/24 5:49:57 pm GMT-6,2.00,1.00,28.00,1.00,1.00,2016.00,600.00,0.00,0.00,360.00,0.00,,2.00,,,,
2019/05/24 7:29:33 pm GMT-6,3.00,1.00,28.00,1.00,1.00,1989.00,200.00,1.00,2.00,360.00,360.00,,2.00,,,,
2019/05/24 7:59:12 pm GMT-6,2.00,1.00,28.00,4.00,0.00,1987.00,350.00,10.00,150.00,360.00,360.00,,4.00,,,,
2019/05/24 8:00:37 pm GMT-6,5.00,2.00,28.00,3.00,3.00,1984.00,200.00,2.00,0.00,360.00,0.00,,6.00,,,,
2019/05/25 12:30:40 am GMT-6,3.00,2.00,28.00,1.00,5.00,1999.00,400.00,90.00,120.00,360.00,360.00,,6.00,,,,
2019/05/22 8:49:33 am GMT-6,2.00,2.00,29.00,2.00,2.00,2015.00,400.00,6.00,4.00,360.00,360.00,,4.00,,,,
2019/05/22 1:24:33 pm GMT-6,1.00,1.00,29.00,3.00,2.00,1990.00,1500.00,2.00,10.00,340.00,360.00,,5.00,,,,
2019/05/24 6:54:40 pm GMT-6,5.00,2.00,29.00,7.00,2.00,2001.00,200.00,150.00,0.00,360.00,0.00,,9.00,,,,
2019/05/25 9:26:51 am GMT-6,5.00,1.00,29.00,1.00,1.00,2019.00,230.00,20.00,0.00,360.00,0.00,,2.00,,,,
2019/05/22 11:36:15 am GMT-6,2.00,1.00,30.00,3.00,2.00,2013.00,360.00,4.00,0.00,360.00,150.00,,5.00,,,,
2019/05/22 11:55:04 am GMT-6,4.00,4.00,30.00,2.00,1.00,2017.00,300.00,3.00,2.00,360.00,0.00,,3.00,,,,
2019/05/22 12:34:08 pm GMT-6,2.00,2.00,30.00,2.00,2.00,1985.00,900.00,0.00,12.00,360.00,48.00,,4.00,,,,
2019/05/22 3:38:29 pm GMT-6,4.00,2.00,30.00,2.00,3.00,1999.00,700.00,50.00,100.00,360.00,300.00,,5.00,,,,
2019/05/23 5:54:08 am GMT-6,2.00,1.00,30.00,1.00,2.00,2017.00,150.00,0.00,0.00,360.00,360.00,,3.00,,,,
2019/05/24 11:45:18 am GMT-6,2.00,3.00,30.00,2.00,2.00,1995.00,550.00,10.00,0.00,360.00,360.00,,4.00,,,,
2019/05/24 12:24:04 pm GMT-6,4.00,1.00,30.00,1.00,2.00,1988.00,400.00,5.00,0.00,360.00,0.00,,3.00,,,,
2019/05/24 2:47:52 pm GMT-6,4.00,3.00,30.00,2.00,2.00,2004.00,325.00,15.00,15.00,360.00,360.00,,4.00,,,,
2019/05/24 5:56:58 pm GMT-6,2.00,1.00,30.00,3.00,5.00,2017.00,475.00,10.00,30.00,360.00,360.00,,8.00,,,,
2019/05/24 6:31:11 pm GMT-6,2.00,1.00,30.00,3.00,3.00,2013.00,700.00,2.00,1.00,360.00,360.00,,6.00,,,,
2019/05/24 9:08:56 pm GMT-6,1.00,1.00,30.00,4.00,2.00,2012.00,400.00,15.00,15.00,360.00,360.00,,6.00,,,,
2019/05/24 9:13:41 pm GMT-6,1.00,2.00,30.00,3.00,3.00,2008.00,2000.00,12.00,43.00,360.00,100.00,,6.00,,,,
2019/05/22 11:57:28 am GMT-6,2.00,2.00,31.00,1.00,2.00,2015.00,250.00,3.00,5.00,360.00,360.00,,3.00,,,,
2019/05/22 12:08:42 pm GMT-6,2.00,1.00,31.00,2.00,3.00,2002.00,400.00,10.00,0.00,360.00,0.00,,5.00,,,,
2019/05/23 2:40:26 am GMT-6,2.00,1.00,31.00,2.00,1.00,2014.00,300.00,10.00,0.00,360.00,0.00,,3.00,,,,
2019/05/24 5:55:14 pm GMT-6,3.00,1.00,31.00,3.00,5.00,2017.00,400.00,1.00,0.00,360.00,0.00,,8.00,,,,
2019/05/24 7:07:18 pm GMT-6,5.00,2.00,31.00,2.00,1.00,1994.00,750.00,2.00,2.00,360.00,0.00,,3.00,,,,
2019/05/25 2:44:17 am GMT-6,3.00,1.00,31.00,3.00,2.00,2008.00,560.00,20.00,10.00,360.00,360.00,,5.00,,,,
2019/05/25 6:37:55 pm GMT-6,5.00,1.00,31.00,0.00,2.00,2004.00,500.00,20.00,15.00,360.00,0.00,,2.00,,,,
2019/05/22 11:48:23 am GMT-6,1.00,1.00,32.00,3.00,0.00,2013.00,300.00,5.00,0.00,360.00,360.00,,3.00,,,, 
2019/05/22 11:49:26 am GMT-6,1.00,2.00,32.00,5.00,3.00,2016.00,411.00,0.00,0.00,300.00,0.00,,8.00,,,,
2019/05/22 11:50:43 am GMT-6,2.00,2.00,32.00,0.00,0.00,2019.00,360.00,5.00,0.00,360.00,0.00,,0.00,,,,
2019/05/22 11:51:46 am GMT-6,2.00,2.00,32.00,4.00,2.00,2012.00,500.00,6.00,10.00,360.00,0.00,,6.00,,,,
2019/05/22 12:56:07 pm GMT-6,2.00,3.00,32.00,1.00,3.00,2012.00,420.00,6.00,0.00,360.00,60.00,,4.00,,,,
2019/05/23 9:47:24 pm GMT-6,1.00,1.00,32.00,2.00,2.00,2013.00,800.00,104.00,52.00,360.00,0.00,,4.00,,,,
2019/05/24 12:36:53 pm GMT-6,2.00,1.00,32.00,2.00,1.00,2014.00,230.00,0.00,5.00,360.00,0.00,,3.00,,,,
2019/05/24 6:07:40 pm GMT-6,4.00,3.00,32.00,3.00,5.00,2002.00,300.00,5.00,12.00,360.00,360.00,,8.00,,,,
2019/05/24 8:49:10 pm GMT-6,5.00,1.00,32.00,3.00,2.00,2016.00,500.00,8.00,20.00,360.00,8.00,,5.00,,,,
2019/05/22 11:55:22 am GMT-6,4.00,1.00,33.00,3.00,2.00,1989.00,500.00,20.00,30.00,360.00,300.00,,5.00,,,,
2019/05/22 12:03:04 pm GMT-6,1.00,1.00,33.00,0.00,1.00,2018.00,150.00,3.00,0.00,360.00,0.00,,1.00,,,,
2019/05/23 6:01:16 am GMT-6,2.00,2.00,33.00,3.00,1.00,2012.00,300.00,5.00,0.00,360.00,0.00,,4.00,,,,
2019/05/24 1:17:39 pm GMT-6,1.00,1.00,33.00,2.00,1.00,1995.00,300.00,1.00,3.00,30.00,360.00,,3.00,,,,
2019/05/24 1:24:21 pm GMT-6,2.00,1.00,33.00,0.00,3.00,2017.00,344.00,2.00,0.00,180.00,180.00,,3.00,,,,
2019/05/24 5:50:37 pm GMT-6,2.00,1.00,33.00,2.00,1.00,2016.00,220.00,3.00,4.00,360.00,360.00,,3.00,,,,
2019/05/24 5:53:34 pm GMT-6,3.00,3.00,33.00,5.00,4.00,2017.00,4200.00,20.00,50.00,360.00,0.00,,9.00,,,,
2019/05/24 6:46:27 pm GMT-6,4.00,2.00,33.00,2.00,3.00,2001.00,300.00,30.00,5.00,300.00,200.00,,5.00,,,,
2019/05/24 7:25:55 pm GMT-6,4.00,2.00,33.00,2.00,2.00,2013.00,750.00,30.00,20.00,360.00,360.00,,4.00,,,,
2019/05/24 7:45:49 pm GMT-6,4.00,2.00,33.00,1.00,1.00,2019.00,480.00,20.00,0.00,360.00,300.00,,2.00,,,,
2019/05/24 7:46:08 pm GMT-6,2.00,2.00,33.00,1.00,1.00,2016.00,700.00,3.00,6.00,360.00,52.00,,2.00,,,,
2019/05/25 8:29:41 am GMT-6,2.00,2.00,33.00,0.00,0.00,2019.00,250.00,20.00,0.00,360.00,0.00,,0.00,,,,
2019/05/25 5:42:02 pm GMT-6,2.00,2.00,33.00,5.00,5.00,1990.00,1000.00,30.00,70.00,300.00,10.00,,10.00,,,,
2019/05/22 12:27:02 pm GMT-6,2.00,1.00,34.00,1.00,3.00,2014.00,375.00,10.00,10.00,360.00,0.00,,4.00,,,,
2019/05/24 11:41:52 am GMT-6,2.00,1.00,34.00,2.00,2.00,2018.00,150.00,1.00,0.00,360.00,0.00,,4.00,,,,
2019/05/24 12:48:58 pm GMT-6,4.00,1.00,34.00,4.00,4.00,2014.00,1100.00,4.00,0.00,360.00,360.00,,8.00,,,,
2019/05/24 3:22:03 pm GMT-6,2.00,2.00,34.00,2.00,2.00,2015.00,180.00,10.00,0.00,300.00,0.00,,4.00,,,,
2019/05/24 6:04:11 pm GMT-6,5.00,1.00,34.00,4.00,2.00,2010.00,625.00,1.00,12.00,12.00,360.00,,6.00,,,,
2019/05/24 6:44:10 pm GMT-6,1.00,2.00,34.00,1.00,1.00,2009.00,500.00,45.00,100.00,360.00,30.00,,2.00,,,,
2019/05/24 6:46:19 pm GMT-6,5.00,2.00,34.00,3.00,6.00,1989.00,2000.00,300.00,12.00,360.00,0.00,,9.00,,,,
2019/05/24 9:19:35 pm GMT-6,2.00,1.00,34.00,6.00,4.00,2014.00,800.00,52.00,0.00,360.00,360.00,,10.00,,,,
2019/05/26 4:35:32 am GMT-6,4.00,2.00,34.00,1.00,2.00,1992.00,500.00,12.00,8.00,360.00,0.00,,3.00,,,,
2019/05/22 11:47:52 am GMT-6,2.00,2.00,35.00,0.00,2.00,2017.00,600.00,2.00,2.00,360.00,360.00,,2.00,,,,
2019/05/22 11:50:05 am GMT-6,2.00,1.00,35.00,2.00,2.00,2018.00,500.00,1.00,5.00,360.00,30.00,,4.00,,,,
2019/05/22 11:56:14 am GMT-6,2.00,1.00,35.00,2.00,5.00,2017.00,300.00,0.00,10.00,360.00,0.00,,7.00,,,,
2019/05/22 12:01:33 pm GMT-6,5.00,3.00,35.00,5.00,5.00,1979.00,400.00,30.00,30.00,360.00,180.00,,10.00,,,,
2019/05/22 12:04:18 pm GMT-6,2.00,1.00,35.00,7.00,5.00,1989.00,500.00,0.00,0.00,360.00,0.00,,12.00,,,,
2019/05/22 2:01:41 pm GMT-6,2.00,1.00,35.00,2.00,2.00,1999.00,200.00,200.00,0.00,360.00,0.00,,4.00,,,,
2019/05/23 3:24:20 am GMT-6,2.00,2.00,35.00,3.00,2.00,2016.00,300.00,24.00,24.00,360.00,0.00,,5.00,,,,
2019/05/24 12:24:31 pm GMT-6,2.00,3.00,35.00,4.00,3.00,2015.00,575.00,10.00,50.00,360.00,0.00,,7.00,,,,
2019/05/24 12:57:03 pm GMT-6,5.00,2.00,35.00,0.00,0.00,2013.00,450.00,0.00,0.00,360.00,0.00,,0.00,,,,
2019/05/24 1:14:02 pm GMT-6,4.00,2.00,35.00,3.00,1.00,2013.00,500.00,360.00,2.00,48.00,12.00,,4.00,,,,
2019/05/24 1:46:09 pm GMT-6,2.00,1.00,35.00,5.00,1.00,2012.00,350.00,2.00,0.00,360.00,360.00,,6.00,,,,
2019/05/24 4:13:56 pm GMT-6,2.00,2.00,35.00,2.00,2.00,1981.00,900.00,50.00,50.00,360.00,360.00,,4.00,,,,
2019/05/24 5:46:44 pm GMT-6,3.00,1.00,35.00,2.00,3.00,2004.00,300.00,360.00,360.00,360.00,0.00,,5.00,,,,
2019/05/24 5:47:26 pm GMT-6,4.00,4.00,35.00,3.00,1.00,2008.00,600.00,120.00,100.00,360.00,0.00,,4.00,,,,
2019/05/24 5:47:53 pm GMT-6,3.00,1.00,35.00,3.00,1.00,2017.00,300.00,20.00,20.00,360.00,360.00,,4.00,,,,
2019/05/24 6:06:40 pm GMT-6,4.00,2.00,35.00,6.00,8.00,2008.00,600.00,20.00,40.00,360.00,360.00,,14.00,,,,
2019/05/24 6:19:25 pm GMT-6,5.00,3.00,35.00,0.00,4.00,1993.00,500.00,50.00,150.00,360.00,0.00,,4.00,,,,
2019/05/24 8:34:00 pm GMT-6,4.00,3.00,35.00,2.00,2.00,2015.00,600.00,4.00,3.00,360.00,30.00,,4.00,,,,
2019/05/24 8:42:29 pm GMT-6,4.00,1.00,35.00,2.00,1.00,1998.00,600.00,15.00,0.00,360.00,0.00,,3.00,,,,
2019/05/25 5:44:49 pm GMT-6,2.00,2.00,35.00,3.00,4.00,2010.00,600.00,20.00,10.00,360.00,0.00,,7.00,,,,
2019/05/22 11:34:46 am GMT-6,3.00,1.00,36.00,4.00,5.00,2008.00,390.00,5.00,10.00,360.00,250.00,,9.00,,,,
2019/05/22 11:49:40 am GMT-6,5.00,1.00,36.00,4.00,2.00,2013.00,250.00,0.00,6.00,360.00,0.00,,6.00,,,,
2019/05/22 12:59:40 pm GMT-6,4.00,1.00,36.00,1.00,3.00,2001.00,300.00,15.00,60.00,360.00,200.00,,4.00,,,,
2019/05/22 3:18:38 pm GMT-6,2.00,1.00,36.00,4.00,1.00,2017.00,200.00,5.00,40.00,360.00,100.00,,5.00,,,,
2019/05/22 6:21:51 pm GMT-6,4.00,1.00,36.00,3.00,2.00,2013.00,288.00,2.00,5.00,360.00,0.00,,5.00,,,,
2019/05/22 6:46:21 pm GMT-6,2.00,3.00,36.00,1.00,1.00,2012.00,985.00,20.00,0.00,360.00,300.00,,2.00,,,,
2019/05/24 12:17:20 pm GMT-6,2.00,2.00,36.00,4.00,5.00,2013.00,500.00,10.00,10.00,360.00,5.00,,9.00,,,,
2019/05/24 5:51:06 pm GMT-6,1.00,1.00,36.00,3.00,4.00,2017.00,866.00,11.00,50.00,360.00,360.00,,7.00,,,,
2019/05/24 6:00:27 pm GMT-6,4.00,2.00,36.00,3.00,3.00,2017.00,400.00,30.00,20.00,250.00,360.00,,6.00,,,,
2019/05/24 6:36:01 pm GMT-6,3.00,2.00,36.00,3.00,1.00,1990.00,400.00,5.00,8.00,360.00,0.00,,4.00,,,,
2019/05/24 7:24:15 pm GMT-6,3.00,3.00,36.00,7.00,5.00,2017.00,300.00,30.00,100.00,360.00,360.00,,12.00,,,,
2019/05/24 8:36:01 pm GMT-6,4.00,2.00,36.00,3.00,5.00,2013.00,300.00,4.00,12.00,360.00,0.00,,8.00,,,,
2019/05/22 1:57:00 pm GMT-6,3.00,1.00,37.00,1.00,1.00,1994.00,600.00,3.00,3.00,360.00,180.00,,2.00,,,,
2019/05/24 11:39:18 am GMT-6,2.00,2.00,37.00,1.00,3.00,2018.00,375.00,12.00,0.00,300.00,300.00,,4.00,,,,
2019/05/24 12:33:18 pm GMT-6,2.00,1.00,37.00,4.00,2.00,2009.00,150.00,1.00,0.00,360.00,0.00,,6.00,,,,
2019/05/24 1:20:37 pm GMT-6,4.00,1.00,37.00,4.00,1.00,1982.00,450.00,6.00,6.00,360.00,100.00,,5.00,,,,
2019/05/24 5:55:45 pm GMT-6,1.00,1.00,37.00,4.00,1.00,2008.00,1500.00,44.00,60.00,360.00,360.00,,5.00,,,,
2019/05/24 7:09:41 pm GMT-6,2.00,1.00,37.00,3.00,1.00,2018.00,420.00,2.00,6.00,360.00,0.00,,4.00,,,,
2019/05/22 1:34:36 pm GMT-6,2.00,2.00,38.00,4.00,2.00,2016.00,315.00,200.00,0.00,200.00,0.00,,6.00,,,,
2019/05/22 6:38:26 pm GMT-6,2.00,1.00,38.00,2.00,1.00,2016.00,500.00,25.00,270.00,360.00,150.00,,3.00,,,,
2019/05/24 12:47:57 pm GMT-6,4.00,1.00,38.00,3.00,4.00,1985.00,3000.00,100.00,50.00,360.00,360.00,,7.00,,,,
2019/05/24 4:28:19 pm GMT-6,3.00,2.00,38.00,3.00,3.00,2015.00,400.00,0.00,20.00,360.00,360.00,,6.00,,,,
2019/05/24 5:53:51 pm GMT-6,2.00,3.00,38.00,1.00,3.00,2010.00,400.00,9.00,0.00,360.00,0.00,,4.00,,,,
2019/05/27 9:05:37 pm GMT-6,5.00,1.00,38.00,3.00,2.00,2018.00,600.00,23.00,16.00,360.00,360.00,,5.00,,,,
2019/05/22 12:15:12 pm GMT-6,5.00,4.00,39.00,4.00,1.00,2017.00,350.00,30.00,20.00,300.00,360.00,,5.00,,,,
2019/05/22 2:09:21 pm GMT-6,2.00,1.00,39.00,3.00,2.00,2015.00,800.00,20.00,10.00,360.00,0.00,,5.00,,,,
2019/05/24 12:55:16 pm GMT-6,2.00,2.00,39.00,4.00,3.00,2016.00,560.00,8.00,0.00,40.00,50.00,,7.00,,,,
2019/05/24 2:08:59 pm GMT-6,2.00,1.00,39.00,5.00,1.00,2014.00,450.00,5.00,0.00,360.00,20.00,,6.00,,,,
2019/05/24 6:13:59 pm GMT-6,2.00,1.00,39.00,3.00,1.00,2016.00,300.00,6.00,2.00,360.00,360.00,,4.00,,,,
2019/05/24 7:01:26 pm GMT-6,1.00,4.00,39.00,1.00,1.00,2010.00,7000.00,22.00,30.00,360.00,15.00,,2.00,,,,
2019/05/24 8:01:32 pm GMT-6,2.00,2.00,39.00,7.00,5.00,1997.00,1000.00,100.00,300.00,250.00,360.00,,12.00,,,,
2019/05/24 9:33:24 pm GMT-6,4.00,1.00,39.00,1.00,2.00,2015.00,390.00,3.00,1.00,100.00,360.00,,3.00,,,,
2019/05/24 10:53:11 pm GMT-6,3.00,1.00,39.00,2.00,3.00,2009.00,375.00,5.00,0.00,3.00,0.00,,5.00,,,,
2019/05/25 8:19:18 am GMT-6,2.00,1.00,39.00,2.00,3.00,2011.00,500.00,360.00,1.00,360.00,0.00,,5.00,,,,
2019/05/25 5:50:56 pm GMT-6,4.00,1.00,39.00,3.00,2.00,2004.00,750.00,20.00,0.00,360.00,360.00,,5.00,,,,
2019/05/22 12:17:04 pm GMT-6,2.00,2.00,40.00,4.00,2.00,2011.00,300.00,1.00,0.00,10.00,0.00,,6.00,,,,
2019/05/22 12:44:37 pm GMT-6,1.00,1.00,40.00,1.00,2.00,1991.00,648.00,4.00,4.00,360.00,0.00,,3.00,,,,
2019/05/22 2:20:41 pm GMT-6,2.00,2.00,40.00,5.00,2.00,2010.00,350.00,100.00,200.00,360.00,360.00,,7.00,,,,
2019/05/22 3:00:41 pm GMT-6,3.00,2.00,40.00,4.00,2.00,1994.00,500.00,52.00,12.00,360.00,360.00,,6.00,,,,
2019/05/22 3:07:37 pm GMT-6,4.00,1.00,40.00,3.00,4.00,2008.00,600.00,45.00,20.00,360.00,200.00,,7.00,,,,
2019/05/22 6:01:37 pm GMT-6,2.00,1.00,40.00,3.00,2.00,2004.00,350.00,20.00,5.00,360.00,0.00,,5.00,,,,
2019/05/22 6:43:37 pm GMT-6,1.00,1.00,40.00,3.00,3.00,1983.00,450.00,3.00,5.00,7.00,20.00,,6.00,,,,
2019/05/24 12:24:00 pm GMT-6,2.00,1.00,40.00,2.00,2.00,2013.00,312.00,2.00,0.00,360.00,0.00,,4.00,,,,
2019/05/24 12:26:30 pm GMT-6,1.00,1.00,40.00,2.00,1.00,2018.00,300.00,2.00,2.00,360.00,360.00,,3.00,,,,
2019/05/24 12:39:50 pm GMT-6,5.00,1.00,40.00,3.00,3.00,2013.00,900.00,4.00,48.00,200.00,0.00,,6.00,,,,
2019/05/24 12:52:02 pm GMT-6,2.00,1.00,40.00,2.00,3.00,2014.00,400.00,5.00,0.00,360.00,0.00,,5.00,,,,
2019/05/24 1:33:47 pm GMT-6,2.00,1.00,40.00,2.00,2.00,2016.00,450.00,2.00,0.00,50.00,250.00,,4.00,,,,
2019/05/24 3:09:18 pm GMT-6,1.00,1.00,40.00,2.00,3.00,1989.00,600.00,5.00,0.00,360.00,360.00,,5.00,,,,
2019/05/24 5:05:53 pm GMT-6,2.00,1.00,40.00,5.00,2.00,2005.00,250.00,5.00,0.00,360.00,0.00,,7.00,,,,
2019/05/24 5:42:50 pm GMT-6,2.00,1.00,40.00,2.00,2.00,2008.00,450.00,20.00,30.00,360.00,360.00,,4.00,,,,
2019/05/24 5:52:38 pm GMT-6,5.00,2.00,40.00,8.00,5.00,1990.00,300.00,50.00,30.00,360.00,0.00,,13.00,,,,
2019/05/24 5:52:42 pm GMT-6,2.00,2.00,40.00,3.00,3.00,2004.00,312.00,10.00,60.00,360.00,200.00,,6.00,,,,
2019/05/24 5:57:32 pm GMT-6,4.00,2.00,40.00,4.00,2.00,2000.00,600.00,20.00,10.00,360.00,90.00,,6.00,,,,
2019/05/24 6:00:51 pm GMT-6,4.00,2.00,40.00,2.00,4.00,2004.00,300.00,1.00,29.00,360.00,0.00,,6.00,,,,
2019/05/24 6:17:45 pm GMT-6,2.00,3.00,40.00,7.00,3.00,2004.00,800.00,100.00,10.00,360.00,0.00,,10.00,,,,
2019/05/24 6:31:49 pm GMT-6,4.00,3.00,40.00,2.00,1.00,2015.00,425.00,30.00,30.00,360.00,90.00,,3.00,,,,
2019/05/24 6:41:06 pm GMT-6,1.00,1.00,40.00,4.00,2.00,2012.00,4000.00,4.00,6.00,360.00,340.00,,6.00,,,,
2019/05/24 6:44:40 pm GMT-6,4.00,2.00,40.00,3.00,6.00,1994.00,409.00,4.00,6.00,0.00,0.00,,9.00,,,,
2019/05/24 6:45:21 pm GMT-6,1.00,4.00,40.00,2.00,2.00,1979.00,520.00,1.00,1.00,360.00,360.00,,4.00,,,,
2019/05/24 8:16:19 pm GMT-6,2.00,1.00,40.00,2.00,4.00,2012.00,400.00,14.00,0.00,360.00,270.00,,6.00,,,,
2019/05/25 3:43:04 am GMT-6,4.00,3.00,40.00,2.00,5.00,2007.00,350.00,300.00,30.00,360.00,360.00,,7.00,,,,
2019/05/25 4:16:19 am GMT-6,2.00,2.00,40.00,5.00,2.00,2009.00,2400.00,1.00,8.00,360.00,360.00,,7.00,,,,
2019/05/25 7:45:44 am GMT-6,3.00,1.00,40.00,2.00,3.00,1989.00,600.00,15.00,0.00,360.00,0.00,,5.00,,,,
2019/05/25 8:29:14 am GMT-6,2.00,2.00,40.00,5.00,2.00,2015.00,300.00,360.00,0.00,360.00,0.00,,7.00,,,,
2019/05/25 8:52:38 am GMT-6,4.00,1.00,40.00,3.00,2.00,2016.00,350.00,200.00,100.00,360.00,360.00,,5.00,,,,
2019/05/25 9:15:45 am GMT-6,4.00,1.00,40.00,2.00,1.00,2010.00,250.00,20.00,50.00,360.00,200.00,,3.00,,,,
2019/05/25 4:04:00 pm GMT-6,2.00,1.00,40.00,5.00,5.00,2010.00,700.00,100.00,35.00,52.00,200.00,,10.00,,,,
2019/05/25 6:57:23 pm GMT-6,4.00,2.00,40.00,6.00,4.00,2013.00,450.00,4.00,4.00,360.00,0.00,,10.00,,,,
2019/05/25 7:36:39 pm GMT-6,2.00,1.00,40.00,4.00,3.00,2004.00,500.00,4.00,0.00,360.00,5.00,,7.00,,,,
2019/05/27 3:00:08 pm GMT-6,2.00,1.00,40.00,3.00,3.00,2009.00,360.00,2.00,2.00,2.00,0.00,,6.00,,,,
2019/05/22 2:08:08 pm GMT-6,2.00,1.00,41.00,7.00,3.00,1984.00,9500.00,48.00,70.00,360.00,360.00,,10.00,,,,
2019/05/24 12:17:19 pm GMT-6,4.00,1.00,41.00,2.00,3.00,2009.00,800.00,3.00,0.00,360.00,100.00,,5.00,,,,
2019/05/24 1:43:58 pm GMT-6,2.00,2.00,41.00,2.00,2.00,2014.00,406.00,50.00,5.00,360.00,0.00,,4.00,,,,
2019/05/24 5:53:44 pm GMT-6,2.00,1.00,41.00,5.00,2.00,1994.00,400.00,10.00,0.00,360.00,10.00,,7.00,,,,
2019/05/24 6:22:04 pm GMT-6,4.00,1.00,41.00,3.00,3.00,2016.00,250.00,6.00,0.00,360.00,180.00,,6.00,,,,
2019/05/24 9:40:34 pm GMT-6,5.00,2.00,41.00,3.00,4.00,2014.00,459.00,20.00,13.00,360.00,360.00,,7.00,,,,
2019/05/25 7:40:26 am GMT-6,5.00,1.00,41.00,2.00,4.00,2008.00,350.00,150.00,250.00,360.00,150.00,,6.00,,,,
2019/05/25 7:47:43 am GMT-6,2.00,2.00,41.00,1.00,3.00,2018.00,300.00,4.00,0.00,360.00,360.00,,4.00,,,,
2019/05/25 7:52:58 am GMT-6,2.00,3.00,41.00,2.00,2.00,2012.00,450.00,2.00,0.00,360.00,0.00,,4.00,,,,
2019/05/25 8:21:06 am GMT-6,4.00,4.00,41.00,2.00,3.00,2017.00,550.00,8.00,14.00,360.00,36.00,,5.00,,,,
2019/05/22 3:24:42 am GMT-6,2.00,1.00,42.00,3.00,3.00,2009.00,3500.00,2.00,4.00,360.00,360.00,,6.00,,,,
2019/05/22 12:39:58 pm GMT-6,1.00,1.00,42.00,2.00,2.00,2005.00,200.00,50.00,200.00,360.00,100.00,,4.00,,,,
2019/05/24 12:41:03 pm GMT-6,5.00,2.00,42.00,2.00,3.00,2014.00,400.00,3.00,9.00,360.00,0.00,,5.00,,,,
2019/05/24 1:46:15 pm GMT-6,2.00,2.00,42.00,3.00,4.00,2002.00,730.00,4.00,4.00,10.00,360.00,,7.00,,,,
2019/05/24 5:47:42 pm GMT-6,5.00,1.00,42.00,2.00,4.00,1989.00,500.00,30.00,50.00,360.00,0.00,,6.00,,,,
2019/05/24 5:51:45 pm GMT-6,2.00,3.00,42.00,3.00,4.00,2013.00,550.00,100.00,50.00,360.00,360.00,,7.00,,,,
2019/05/24 6:05:21 pm GMT-6,5.00,1.00,42.00,3.00,2.00,2011.00,450.00,2.00,1.00,300.00,300.00,,5.00,,,,
2019/05/24 6:33:58 pm GMT-6,2.00,4.00,42.00,3.00,2.00,1983.00,500.00,50.00,50.00,360.00,360.00,,5.00,,,,
2019/05/24 9:08:15 pm GMT-6,2.00,1.00,42.00,3.00,4.00,2016.00,400.00,50.00,60.00,360.00,300.00,,7.00,,,,
2019/05/24 9:24:36 pm GMT-6,4.00,1.00,42.00,2.00,4.00,2012.00,400.00,1.00,0.00,360.00,150.00,,6.00,,,,
2019/05/25 8:19:21 am GMT-6,1.00,2.00,42.00,5.00,5.00,1989.00,500.00,150.00,10.00,350.00,250.00,,10.00,,,,
2019/05/25 5:45:01 pm GMT-6,2.00,3.00,42.00,3.00,3.00,1978.00,450.00,100.00,200.00,100.00,360.00,,6.00,,,,
2019/05/22 12:27:44 pm GMT-6,2.00,1.00,43.00,3.00,5.00,2018.00,450.00,2.00,0.00,350.00,6.00,,8.00,,,,
2019/05/22 1:43:09 pm GMT-6,5.00,1.00,43.00,6.00,3.00,2012.00,700.00,8.00,4.00,360.00,360.00,,9.00,,,,
2019/05/22 6:36:42 pm GMT-6,2.00,2.00,43.00,3.00,1.00,2008.00,300.00,10.00,20.00,360.00,0.00,,4.00,,,,
2019/05/24 12:09:35 am GMT-6,4.00,1.00,43.00,4.00,4.00,1989.00,370.00,5.00,5.00,360.00,230.00,,8.00,,,,
2019/05/24 1:05:27 pm GMT-6,2.00,3.00,43.00,2.00,2.00,2015.00,875.00,3.00,5.00,0.00,60.00,,4.00,,,,
2019/05/24 5:50:36 pm GMT-6,2.00,1.00,43.00,3.00,4.00,2015.00,550.00,8.00,0.00,360.00,0.00,,7.00,,,,
2019/05/24 5:50:53 pm GMT-6,3.00,1.00,43.00,11.00,3.00,2004.00,400.00,25.00,33.00,360.00,0.00,,14.00,,,,
2019/05/24 6:34:10 pm GMT-6,3.00,1.00,43.00,2.00,4.00,1996.00,476.00,15.00,25.00,360.00,0.00,,6.00,,,,
2019/05/24 7:55:10 pm GMT-6,2.00,2.00,43.00,4.00,1.00,2000.00,5000.00,360.00,30.00,360.00,360.00,,5.00,,,,
2019/05/25 9:24:26 am GMT-6,2.00,2.00,43.00,4.00,3.00,2015.00,700.00,20.00,10.00,360.00,100.00,,7.00,,,,
2019/05/25 1:34:08 pm GMT-6,5.00,1.00,43.00,4.00,3.00,1979.00,500.00,44.00,32.00,360.00,360.00,,7.00,,,,
2019/05/22 12:44:53 pm GMT-6,1.00,3.00,44.00,5.00,2.00,2002.00,600.00,300.00,0.00,360.00,0.00,,7.00,,,,
2019/05/24 12:17:55 pm GMT-6,2.00,2.00,44.00,4.00,3.00,2013.00,315.00,5.00,6.00,360.00,0.00,,7.00,,,,
2019/05/24 5:02:47 pm GMT-6,1.00,1.00,44.00,4.00,4.00,2017.00,3000.00,12.00,12.00,180.00,0.00,,8.00,,,,
2019/05/24 5:47:24 pm GMT-6,4.00,1.00,44.00,1.00,4.00,2017.00,370.00,3.00,10.00,360.00,0.00,,5.00,,,,
2019/05/24 6:06:39 pm GMT-6,2.00,1.00,44.00,1.00,5.00,2008.00,800.00,150.00,200.00,360.00,360.00,,6.00,,,,
2019/05/24 6:17:44 pm GMT-6,1.00,1.00,44.00,2.00,4.00,2013.00,300.00,50.00,40.00,360.00,0.00,,6.00,,,,
2019/05/24 6:48:58 pm GMT-6,4.00,3.00,44.00,6.00,2.00,1992.00,900.00,15.00,15.00,50.00,360.00,,8.00,,,,
2019/05/24 8:34:11 pm GMT-6,5.00,2.00,44.00,2.00,4.00,2018.00,250.00,8.00,0.00,360.00,6.00,,6.00,,,,
2019/05/24 8:36:41 pm GMT-6,5.00,3.00,44.00,4.00,3.00,2014.00,250.00,3.00,7.00,360.00,50.00,,7.00,,,,
2019/05/25 9:11:32 am GMT-6,2.00,1.00,44.00,1.00,5.00,2008.00,800.00,150.00,200.00,360.00,360.00,,6.00,,,,
2019/05/26 3:15:17 pm GMT-6,4.00,1.00,44.00,6.00,1.00,2008.00,750.00,360.00,360.00,360.00,360.00,,7.00,,,,
2019/05/31 10:43:50 am GMT-6,2.00,2.00,44.00,3.00,0.00,2013.00,400.00,300.00,200.00,360.00,60.00,,3.00,,,,
2019/05/22 2:30:14 pm GMT-6,5.00,1.00,45.00,3.00,4.00,1996.00,600.00,1.00,0.00,360.00,360.00,,7.00,,,,
2019/05/22 5:54:13 pm GMT-6,2.00,2.00,45.00,2.00,4.00,2018.00,350.00,2.00,2.00,360.00,360.00,,6.00,,,,
2019/05/22 6:47:04 pm GMT-6,3.00,1.00,45.00,3.00,6.00,2014.00,360.00,2.00,52.00,360.00,360.00,,9.00,,,,
2019/05/22 8:03:43 pm GMT-6,3.00,2.00,45.00,2.00,4.00,2018.00,375.00,3.00,10.00,360.00,360.00,,6.00,,,,
2019/05/24 11:52:11 am GMT-6,2.00,1.00,45.00,8.00,4.00,2004.00,700.00,4.00,0.00,340.00,0.00,,12.00,,,,
2019/05/24 12:39:51 pm GMT-6,2.00,4.00,45.00,4.00,2.00,2014.00,440.00,15.00,0.00,360.00,360.00,,6.00,,,,
2019/05/24 12:47:32 pm GMT-6,5.00,2.00,45.00,7.00,5.00,2014.00,450.00,10.00,9.00,360.00,0.00,,12.00,,,,
2019/05/24 5:22:42 pm GMT-6,2.00,2.00,45.00,4.00,0.00,2014.00,450.00,24.00,0.00,360.00,360.00,,4.00,,,,
2019/05/24 5:47:09 pm GMT-6,1.00,1.00,45.00,5.00,4.00,2009.00,600.00,100.00,50.00,360.00,200.00,,9.00,,,,
2019/05/24 5:51:33 pm GMT-6,5.00,3.00,45.00,2.00,2.00,2003.00,300.00,2.00,2.00,360.00,0.00,,4.00,,,,
2019/05/24 5:52:06 pm GMT-6,3.00,2.00,45.00,2.00,7.00,2014.00,250.00,360.00,52.00,360.00,0.00,,9.00,,,,
2019/05/24 5:52:18 pm GMT-6,5.00,1.00,45.00,5.00,3.00,2016.00,600.00,3.00,12.00,360.00,4.00,,8.00,,,,
2019/05/24 5:54:42 pm GMT-6,5.00,3.00,45.00,2.00,2.00,1999.00,400.00,0.00,17.00,360.00,0.00,,4.00,,,,
2019/05/24 5:55:17 pm GMT-6,5.00,2.00,45.00,4.00,3.00,2018.00,375.00,20.00,50.00,360.00,360.00,,7.00,,,,
2019/05/24 6:11:02 pm GMT-6,4.00,1.00,45.00,3.00,7.00,2007.00,599.00,20.00,100.00,80.00,90.00,,10.00,,,,
2019/05/24 6:14:00 pm GMT-6,3.00,1.00,45.00,3.00,3.00,1990.00,900.00,12.00,12.00,360.00,0.00,,6.00,,,,
2019/05/24 6:14:55 pm GMT-6,4.00,1.00,45.00,3.00,3.00,2005.00,300.00,2.00,0.00,360.00,360.00,,6.00,,,,
2019/05/24 6:18:50 pm GMT-6,3.00,3.00,45.00,6.00,3.00,2016.00,600.00,8.00,15.00,360.00,360.00,,9.00,,,,
2019/05/24 6:20:40 pm GMT-6,4.00,3.00,45.00,4.00,4.00,2015.00,200.00,10.00,20.00,360.00,360.00,,8.00,,,,
2019/05/24 6:22:58 pm GMT-6,4.00,1.00,45.00,7.00,5.00,2013.00,600.00,10.00,15.00,360.00,360.00,,12.00,,,,
2019/05/25 7:37:26 am GMT-6,2.00,4.00,45.00,1.00,2.00,2007.00,300.00,1.00,14.00,360.00,360.00,,3.00,,,,
2019/05/25 7:51:10 am GMT-6,1.00,2.00,45.00,1.00,2.00,2011.00,200.00,30.00,6.00,360.00,0.00,,3.00,,,,
2019/05/25 10:17:51 am GMT-6,1.00,1.00,45.00,6.00,2.00,2005.00,400.00,30.00,90.00,360.00,300.00,,8.00,,,,
2019/05/25 5:14:26 pm GMT-6,1.00,1.00,45.00,8.00,4.00,2014.00,750.00,6.00,100.00,360.00,250.00,,12.00,,,,
2019/05/25 5:28:51 pm GMT-6,4.00,1.00,45.00,1.00,1.00,2014.00,1100.00,2.00,10.00,360.00,5.00,,2.00,,,,
2019/05/22 3:07:56 pm GMT-6,5.00,2.00,46.00,4.00,3.00,2014.00,430.00,10.00,10.00,360.00,0.00,,7.00,,,,
2019/05/24 3:25:00 pm GMT-6,4.00,3.00,46.00,4.00,1.00,2012.00,350.00,4.00,7.00,360.00,360.00,,5.00,,,,
2019/05/24 3:31:13 pm GMT-6,2.00,2.00,46.00,3.00,2.00,2008.00,312.00,15.00,25.00,40.00,20.00,,5.00,,,,
2019/05/24 6:33:07 pm GMT-6,4.00,1.00,46.00,2.00,5.00,2018.00,1200.00,5.00,16.00,360.00,4.00,,7.00,,,,
2019/05/24 7:31:02 pm GMT-6,4.00,1.00,46.00,5.00,5.00,1989.00,380.00,52.00,52.00,360.00,360.00,,10.00,,,,
2019/05/25 9:12:28 am GMT-6,2.00,1.00,46.00,3.00,2.00,2007.00,312.00,30.00,0.00,40.00,0.00,,5.00,,,,
2019/05/25 2:25:08 pm GMT-6,3.00,3.00,46.00,2.00,5.00,2009.00,400.00,8.00,12.00,200.00,0.00,,7.00,,,,
2019/05/30 5:35:42 am GMT-6,2.00,1.00,46.00,3.00,3.00,2018.00,322.00,7.00,10.00,250.00,100.00,,6.00,,,,
2019/05/22 1:12:46 pm GMT-6,2.00,1.00,47.00,0.00,5.00,2015.00,375.00,5.00,6.00,360.00,120.00,,5.00,,,,
2019/05/22 1:23:11 pm GMT-6,2.00,1.00,47.00,3.00,3.00,2013.00,875.00,12.00,8.00,360.00,100.00,,6.00,,,,
2019/05/22 2:00:42 pm GMT-6,2.00,1.00,47.00,3.00,3.00,2013.00,350.00,4.00,0.00,360.00,5.00,,6.00,,,,
2019/05/24 12:23:42 pm GMT-6,2.00,3.00,47.00,3.00,3.00,2011.00,500.00,5.00,0.00,360.00,0.00,,6.00,,,,
2019/05/24 12:24:55 pm GMT-6,2.00,1.00,47.00,1.00,1.00,2010.00,300.00,0.00,0.00,360.00,0.00,,2.00,,,,
2019/05/24 1:23:51 pm GMT-6,2.00,1.00,47.00,2.00,1.00,2007.00,720.00,1.00,2.00,360.00,0.00,,3.00,,,,
2019/05/24 1:55:55 pm GMT-6,2.00,2.00,47.00,2.00,0.00,2014.00,900.00,24.00,50.00,360.00,0.00,,2.00,,,,
2019/05/24 3:01:51 pm GMT-6,3.00,1.00,47.00,5.00,2.00,2003.00,400.00,5.00,3.00,350.00,100.00,,7.00,,,,
2019/05/24 3:13:49 pm GMT-6,1.00,2.00,47.00,6.00,2.00,2014.00,400.00,6.00,15.00,200.00,300.00,,8.00,,,,
2019/05/24 3:20:43 pm GMT-6,1.00,2.00,47.00,6.00,2.00,2014.00,400.00,6.00,15.00,200.00,300.00,,8.00,,,,
2019/05/24 5:48:04 pm GMT-6,4.00,2.00,47.00,0.00,3.00,2007.00,400.00,12.00,48.00,48.00,48.00,,3.00,,,,
2019/05/24 5:48:16 pm GMT-6,4.00,2.00,47.00,3.00,4.00,1998.00,400.00,360.00,0.00,360.00,0.00,,7.00,,,,
2019/05/24 5:50:24 pm GMT-6,2.00,2.00,47.00,3.00,3.00,2014.00,250.00,20.00,3.00,0.00,10.00,,6.00,,,,
2019/05/24 6:00:28 pm GMT-6,2.00,3.00,47.00,4.00,3.00,2013.00,250.00,6.00,0.00,360.00,0.00,,7.00,,,,
2019/05/24 6:30:10 pm GMT-6,2.00,1.00,47.00,2.00,4.00,2018.00,400.00,6.00,16.00,360.00,0.00,,6.00,,,,
2019/05/24 6:32:20 pm GMT-6,2.00,2.00,47.00,3.00,3.00,2013.00,439.00,12.00,2.00,360.00,100.00,,6.00,,,,
2019/05/24 6:46:40 pm GMT-6,1.00,1.00,47.00,7.00,3.00,1990.00,576.00,12.00,360.00,360.00,360.00,,10.00,,,,
2019/05/24 7:19:02 pm GMT-6,2.00,2.00,47.00,1.00,3.00,2010.00,450.00,60.00,70.00,360.00,40.00,,4.00,,,,
2019/05/24 7:57:03 pm GMT-6,4.00,1.00,47.00,4.00,2.00,1994.00,750.00,1.00,10.00,360.00,360.00,,6.00,,,,
2019/05/24 8:42:34 pm GMT-6,2.00,2.00,47.00,2.00,4.00,2013.00,500.00,4.00,1.00,360.00,0.00,,6.00,,,,
2019/05/25 4:58:14 am GMT-6,2.00,3.00,47.00,6.00,2.00,2016.00,355.00,12.00,0.00,360.00,250.00,,8.00,,,,
2019/05/25 5:52:53 am GMT-6,2.00,1.00,47.00,4.00,4.00,2019.00,500.00,12.00,12.00,360.00,360.00,,8.00,,,,
2019/05/22 12:24:04 pm GMT-6,4.00,2.00,48.00,8.00,5.00,2015.00,250.00,3.00,3.00,360.00,0.00,,13.00,,,,
2019/05/22 1:43:52 pm GMT-6,2.00,1.00,48.00,2.00,2.00,2013.00,500.00,5.00,1.00,360.00,360.00,,4.00,,,,
2019/05/22 4:44:13 pm GMT-6,5.00,1.00,48.00,4.00,2.00,2012.00,1000.00,4.00,1.00,1.00,20.00,,6.00,,,,
2019/05/22 6:41:20 pm GMT-6,5.00,1.00,48.00,2.00,1.00,2013.00,300.00,30.00,20.00,360.00,0.00,,3.00,,,,
2019/05/24 5:47:04 pm GMT-6,2.00,1.00,48.00,3.00,4.00,2010.00,700.00,12.00,5.00,360.00,10.00,,7.00,,,,
2019/05/24 5:47:27 pm GMT-6,2.00,1.00,48.00,4.00,3.00,2010.00,500.00,8.00,0.00,360.00,0.00,,7.00,,,,
2019/05/24 5:50:13 pm GMT-6,1.00,1.00,48.00,6.00,2.00,1989.00,400.00,96.00,0.00,360.00,0.00,,8.00,,,,
2019/05/24 6:00:40 pm GMT-6,4.00,2.00,48.00,4.00,5.00,1980.00,500.00,5.00,30.00,360.00,40.00,,9.00,,,,
2019/05/24 6:14:45 pm GMT-6,4.00,1.00,48.00,4.00,3.00,1979.00,300.00,10.00,6.00,360.00,0.00,,7.00,,,,
2019/05/24 6:17:07 pm GMT-6,2.00,1.00,48.00,3.00,3.00,2013.00,300.00,10.00,5.00,360.00,0.00,,6.00,,,,
2019/05/24 6:19:56 pm GMT-6,3.00,2.00,48.00,0.00,5.00,2003.00,650.00,15.00,5.00,360.00,360.00,,5.00,,,,
2019/05/24 6:59:04 pm GMT-6,4.00,2.00,48.00,3.00,4.00,2016.00,500.00,0.00,30.00,360.00,0.00,,7.00,,,,
2019/05/24 7:31:23 pm GMT-6,3.00,2.00,48.00,3.00,6.00,1978.00,800.00,150.00,0.00,360.00,260.00,,9.00,,,,
2019/05/24 7:32:33 pm GMT-6,5.00,2.00,48.00,2.00,2.00,2012.00,350.00,3.00,4.00,360.00,50.00,,4.00,,,,
2019/05/24 8:08:04 pm GMT-6,4.00,2.00,48.00,3.00,6.00,2005.00,375.00,1.00,0.00,360.00,360.00,,9.00,,,,
2019/05/25 6:00:50 pm GMT-6,2.00,2.00,48.00,8.00,5.00,2010.00,400.00,0.00,70.00,360.00,0.00,,13.00,,,,
2019/05/25 6:31:03 pm GMT-6,3.00,1.00,48.00,3.00,3.00,1984.00,480.00,8.00,8.00,360.00,0.00,,6.00,,,,
2019/05/26 6:44:32 am GMT-6,5.00,3.00,48.00,4.00,2.00,2015.00,500.00,3.00,2.00,50.00,360.00,,6.00,,,,
2019/05/26 2:54:29 pm GMT-6,5.00,3.00,48.00,4.00,2.00,2015.00,500.00,3.00,2.00,50.00,360.00,,6.00,,,,
2019/05/22 4:12:47 am GMT-6,1.00,4.00,49.00,3.00,5.00,2007.00,550.00,9.00,14.00,340.00,9.00,,8.00,,,,
2019/05/22 1:24:02 pm GMT-6,2.00,4.00,49.00,3.00,4.00,2000.00,325.00,4.00,2.00,360.00,0.00,,7.00,,,,
2019/05/22 6:50:55 pm GMT-6,2.00,1.00,49.00,3.00,1.00,2001.00,500.00,15.00,30.00,360.00,0.00,,4.00,,,,
2019/05/24 4:27:00 pm GMT-6,2.00,2.00,49.00,3.00,4.00,2007.00,600.00,4.00,25.00,360.00,150.00,,7.00,,,,
2019/05/24 5:58:43 pm GMT-6,1.00,3.00,49.00,2.00,4.00,2014.00,240.00,10.00,15.00,360.00,0.00,,6.00,,,,
2019/05/24 8:38:31 pm GMT-6,5.00,3.00,49.00,4.00,4.00,2009.00,10000.00,100.00,100.00,360.00,0.00,,8.00,,,,
2019/05/25 6:23:53 am GMT-6,2.00,1.00,49.00,2.00,1.00,2015.00,350.00,50.00,100.00,360.00,0.00,,3.00,,,,
2019/05/25 5:54:02 pm GMT-6,5.00,2.00,49.00,3.00,4.00,1989.00,315.00,0.00,0.00,360.00,0.00,,7.00,,,,
2019/05/22 3:33:42 am GMT-6,2.00,1.00,50.00,3.00,3.00,2005.00,500.00,5.00,100.00,360.00,150.00,,6.00,,,,
2019/05/22 8:46:09 am GMT-6,2.00,2.00,50.00,2.00,2.00,2007.00,500.00,150.00,0.00,360.00,100.00,,4.00,,,,
2019/05/22 8:47:14 am GMT-6,4.00,1.00,50.00,4.00,2.00,2013.00,450.00,20.00,50.00,360.00,360.00,,6.00,,,,
2019/05/22 11:51:56 am GMT-6,2.00,1.00,50.00,3.00,3.00,2005.00,500.00,50.00,100.00,360.00,200.00,,6.00,,,,
2019/05/22 12:07:27 pm GMT-6,4.00,2.00,50.00,2.00,0.00,2013.00,500.00,1.00,0.00,360.00,0.00,,2.00,,,,
2019/05/22 1:11:29 pm GMT-6,2.00,2.00,50.00,4.00,0.00,2006.00,800.00,5.00,4.00,360.00,10.00,,4.00,,,,
2019/05/22 2:25:45 pm GMT-6,2.00,2.00,50.00,2.00,5.00,1997.00,200.00,5.00,0.00,360.00,0.00,,7.00,,,,
2019/05/22 6:08:29 pm GMT-6,2.00,1.00,50.00,3.00,4.00,2007.00,350.00,150.00,80.00,360.00,250.00,,7.00,,,,
2019/05/22 6:48:37 pm GMT-6,1.00,2.00,50.00,3.00,2.00,2006.00,1000.00,25.00,10.00,360.00,200.00,,5.00,,,,
2019/05/22 7:18:05 pm GMT-6,5.00,3.00,50.00,3.00,3.00,2009.00,350.00,15.00,25.00,360.00,360.00,,6.00,,,,
2019/05/23 7:33:31 pm GMT-6,2.00,2.00,50.00,1.00,5.00,1999.00,700.00,4.00,12.00,360.00,300.00,,6.00,,,,
2019/05/24 11:53:12 am GMT-6,4.00,4.00,50.00,7.00,3.00,1986.00,550.00,200.00,200.00,360.00,0.00,,10.00,,,,
2019/05/24 12:23:59 pm GMT-6,2.00,1.00,50.00,7.00,4.00,2014.00,300.00,5.00,0.00,360.00,0.00,,11.00,,,,
2019/05/24 12:26:52 pm GMT-6,1.00,1.00,50.00,5.00,3.00,2008.00,500.00,3.00,0.00,360.00,4.00,,8.00,,,,
2019/05/24 12:27:08 pm GMT-6,2.00,1.00,50.00,3.00,3.00,2004.00,400.00,156.00,0.00,360.00,0.00,,6.00,,,,
2019/05/24 12:28:43 pm GMT-6,2.00,1.00,50.00,3.00,3.00,2016.00,500.00,8.00,10.00,360.00,360.00,,6.00,,,,
2019/05/24 12:32:11 pm GMT-6,1.00,2.00,50.00,1.00,4.00,1998.00,240.00,8.00,8.00,40.00,0.00,,5.00,,,,
2019/05/24 1:03:04 pm GMT-6,2.00,1.00,50.00,3.00,3.00,2008.00,300.00,1.00,0.00,360.00,200.00,,6.00,,,,
2019/05/24 1:21:43 pm GMT-6,2.00,1.00,50.00,8.00,4.00,2010.00,500.00,15.00,30.00,200.00,100.00,,12.00,,,,
2019/05/24 1:51:03 pm GMT-6,2.00,1.00,50.00,1.00,2.00,2005.00,600.00,20.00,20.00,360.00,20.00,,3.00,,,,
2019/05/24 4:14:08 pm GMT-6,1.00,1.00,50.00,3.00,2.00,1994.00,500.00,52.00,0.00,360.00,0.00,,5.00,,,,
2019/05/24 5:48:30 pm GMT-6,4.00,1.00,50.00,5.00,4.00,2014.00,1600.00,20.00,0.00,360.00,360.00,,9.00,,,,
2019/05/24 5:50:06 pm GMT-6,4.00,1.00,50.00,4.00,3.00,2019.00,600.00,30.00,10.00,360.00,360.00,,7.00,,,,
2019/05/24 5:51:32 pm GMT-6,3.00,1.00,50.00,4.00,5.00,1990.00,600.00,60.00,100.00,360.00,0.00,,9.00,,,,
2019/05/24 5:52:24 pm GMT-6,1.00,1.00,50.00,3.00,4.00,1999.00,480.00,360.00,360.00,360.00,75.00,,7.00,,,,
2019/05/24 5:54:09 pm GMT-6,1.00,2.00,50.00,4.00,3.00,2006.00,375.00,15.00,10.00,360.00,360.00,,7.00,,,,
2019/05/24 5:55:26 pm GMT-6,5.00,1.00,50.00,3.00,4.00,1999.00,600.00,1.00,0.00,360.00,360.00,,7.00,,,,
2019/05/24 5:56:24 pm GMT-6,1.00,1.00,50.00,4.00,3.00,2012.00,350.00,4.00,20.00,360.00,4.00,,7.00,,,,
2019/05/24 5:57:27 pm GMT-6,5.00,2.00,50.00,2.00,4.00,2018.00,400.00,3.00,20.00,360.00,0.00,,6.00,,,,
2019/05/24 6:00:57 pm GMT-6,1.00,1.00,50.00,0.00,2.00,1994.00,300.00,4.00,360.00,360.00,0.00,,2.00,,,,
2019/05/24 6:01:51 pm GMT-6,4.00,1.00,50.00,4.00,4.00,2002.00,450.00,7.00,10.00,360.00,0.00,,8.00,,,,
2019/05/24 6:03:10 pm GMT-6,4.00,2.00,50.00,6.00,3.00,2000.00,500.00,50.00,0.00,360.00,0.00,,9.00,,,,
2019/05/24 6:04:39 pm GMT-6,3.00,1.00,50.00,5.00,2.00,2011.00,500.00,24.00,30.00,360.00,20.00,,7.00,,,,
2019/05/24 6:05:31 pm GMT-6,2.00,1.00,50.00,3.00,4.00,2012.00,700.00,20.00,8.00,360.00,50.00,,7.00,,,,
2019/05/24 6:07:54 pm GMT-6,2.00,3.00,50.00,1.00,1.00,2017.00,400.00,1.00,3.00,360.00,60.00,,2.00,,,,
2019/05/24 6:08:45 pm GMT-6,1.00,1.00,50.00,6.00,1.00,2005.00,600.00,2.00,5.00,360.00,0.00,,7.00,,,,
2019/05/24 6:15:18 pm GMT-6,1.00,1.00,50.00,7.00,4.00,2016.00,300.00,120.00,240.00,360.00,0.00,,11.00,,,,
2019/05/24 6:24:39 pm GMT-6,4.00,1.00,50.00,3.00,4.00,2014.00,450.00,20.00,0.00,360.00,360.00,,7.00,,,,
2019/05/24 6:28:14 pm GMT-6,3.00,2.00,50.00,4.00,3.00,1999.00,650.00,5.00,0.00,360.00,200.00,,7.00,,,,
2019/05/24 6:33:42 pm GMT-6,1.00,2.00,50.00,3.00,2.00,1997.00,300.00,40.00,0.00,360.00,0.00,,5.00,,,,
2019/05/24 6:34:25 pm GMT-6,4.00,3.00,50.00,3.00,6.00,2004.00,850.00,1.00,5.00,6.00,0.00,,9.00,,,,
2019/05/24 6:41:04 pm GMT-6,3.00,1.00,50.00,3.00,7.00,1983.00,190.00,10.00,6.00,360.00,0.00,,10.00,,,,
2019/05/24 6:42:07 pm GMT-6,1.00,2.00,50.00,5.00,3.00,1999.00,500.00,200.00,200.00,360.00,360.00,,8.00,,,,
2019/05/24 6:44:26 pm GMT-6,4.00,1.00,50.00,5.00,2.00,2011.00,250.00,52.00,0.00,360.00,0.00,,7.00,,,,
2019/05/24 6:47:47 pm GMT-6,2.00,1.00,50.00,5.00,3.00,2012.00,300.00,20.00,0.00,360.00,0.00,,8.00,,,,
2019/05/24 6:49:32 pm GMT-6,5.00,1.00,50.00,4.00,4.00,1989.00,400.00,3.00,5.00,360.00,360.00,,8.00,,,,
2019/05/24 6:50:13 pm GMT-6,2.00,1.00,50.00,2.00,4.00,2010.00,450.00,50.00,0.00,300.00,0.00,,6.00,,,,
2019/05/24 6:52:37 pm GMT-6,4.00,1.00,50.00,3.00,8.00,2013.00,450.00,4.00,20.00,360.00,200.00,,11.00,,,,
2019/05/24 6:55:05 pm GMT-6,2.00,3.00,50.00,2.00,4.00,2011.00,300.00,360.00,0.00,360.00,52.00,,6.00,,,,
2019/05/24 7:14:53 pm GMT-6,2.00,2.00,50.00,5.00,2.00,2013.00,600.00,50.00,150.00,360.00,360.00,,7.00,,,,
2019/05/24 7:23:23 pm GMT-6,2.00,4.00,50.00,2.00,2.00,1974.00,370.00,10.00,0.00,10.00,0.00,,4.00,,,,
2019/05/24 7:31:43 pm GMT-6,4.00,1.00,50.00,3.00,3.00,1994.00,300.00,100.00,0.00,360.00,360.00,,6.00,,,,
2019/05/24 7:33:57 pm GMT-6,5.00,1.00,50.00,3.00,3.00,2014.00,450.00,1.00,0.00,80.00,360.00,,6.00,,,,
2019/05/24 7:34:05 pm GMT-6,3.00,2.00,50.00,5.00,3.00,1998.00,250.00,1.00,0.00,360.00,300.00,,8.00,,,,
2019/05/24 8:20:06 pm GMT-6,4.00,2.00,50.00,3.00,4.00,2001.00,430.00,10.00,30.00,360.00,360.00,,7.00,,,,
2019/05/24 8:27:33 pm GMT-6,2.00,2.00,50.00,5.00,1.00,2010.00,500.00,2.00,10.00,360.00,10.00,,6.00,,,,
2019/05/24 8:41:32 pm GMT-6,5.00,2.00,50.00,3.00,3.00,2010.00,700.00,3.00,3.00,360.00,360.00,,6.00,,,,
2019/05/24 9:05:18 pm GMT-6,2.00,1.00,50.00,7.00,3.00,2000.00,500.00,2.00,0.00,360.00,300.00,,10.00,,,,
2019/05/25 6:52:48 am GMT-6,4.00,1.00,50.00,3.00,4.00,2005.00,300.00,4.00,52.00,360.00,300.00,,7.00,,,,
2019/05/25 7:17:13 am GMT-6,5.00,2.00,50.00,6.00,3.00,2017.00,750.00,5.00,5.00,360.00,360.00,,9.00,,,,
2019/05/25 7:25:16 am GMT-6,2.00,2.00,50.00,2.00,4.00,2005.00,400.00,3.00,0.00,360.00,0.00,,6.00,,,,
2019/05/25 7:41:01 am GMT-6,1.00,1.00,50.00,3.00,5.00,2000.00,400.00,0.00,4.00,360.00,200.00,,8.00,,,,
2019/05/25 7:43:50 am GMT-6,2.00,2.00,50.00,1.00,1.00,2013.00,412.00,6.00,20.00,360.00,4.00,,2.00,,,,
2019/05/25 8:21:11 am GMT-6,1.00,1.00,50.00,4.00,3.00,2013.00,275.00,2.00,0.00,360.00,0.00,,7.00,,,,
2019/05/25 8:21:43 am GMT-6,2.00,1.00,50.00,2.00,5.00,2004.00,500.00,10.00,5.00,360.00,360.00,,7.00,,,,
2019/05/25 8:56:02 am GMT-6,2.00,1.00,50.00,2.00,2.00,2011.00,480.00,1.00,360.00,100.00,360.00,,4.00,,,,
2019/05/25 8:56:03 am GMT-6,2.00,2.00,50.00,2.00,4.00,2012.00,600.00,5.00,20.00,360.00,360.00,,6.00,,,,
2019/05/25 10:44:11 am GMT-6,2.00,2.00,50.00,4.00,3.00,2010.00,500.00,16.00,360.00,360.00,360.00,,7.00,,,,
2019/05/25 12:15:06 pm GMT-6,5.00,1.00,50.00,3.00,4.00,1999.00,500.00,5.00,50.00,360.00,360.00,,7.00,,,,
2019/05/25 3:20:32 pm GMT-6,2.00,2.00,50.00,3.00,4.00,2007.00,750.00,10.00,5.00,360.00,10.00,,7.00,,,,
2019/05/25 5:39:36 pm GMT-6,5.00,1.00,50.00,4.00,5.00,2009.00,500.00,5.00,1.00,360.00,50.00,,9.00,,,,
2019/05/26 7:31:29 am GMT-6,2.00,2.00,50.00,3.00,3.00,2013.00,2360.00,250.00,250.00,360.00,360.00,,6.00,,,,
2019/05/26 7:36:00 am GMT-6,2.00,1.00,50.00,4.00,3.00,2012.00,400.00,4.00,5.00,250.00,100.00,,7.00,,,,
2019/06/03 5:54:42 am GMT-6,4.00,1.00,50.00,5.00,3.00,2003.00,300.00,10.00,0.00,360.00,0.00,,8.00,,,,
2019/05/22 4:11:26 am GMT-6,3.00,2.00,51.00,10.00,3.00,2008.00,600.00,25.00,60.00,360.00,50.00,,13.00,,,,
2019/05/22 12:30:29 pm GMT-6,2.00,1.00,51.00,3.00,6.00,2011.00,6000.00,52.00,24.00,360.00,360.00,,9.00,,,,
2019/05/22 12:39:54 pm GMT-6,2.00,1.00,51.00,3.00,6.00,2010.00,6000.00,36.00,24.00,360.00,300.00,,9.00,,,,
2019/05/24 3:34:19 pm GMT-6,2.00,2.00,51.00,3.00,1.00,2017.00,500.00,5.00,9.00,360.00,0.00,,4.00,,,,
2019/05/25 8:33:57 am GMT-6,2.00,1.00,51.00,2.00,4.00,3013.00,775.00,3.00,7.00,360.00,0.00,,6.00,,,,
2019/05/25 6:54:13 pm GMT-6,1.00,2.00,51.00,4.00,2.00,2000.00,300.00,2.00,0.00,360.00,0.00,,6.00,,,,
2019/05/22 6:13:40 pm GMT-6,2.00,2.00,52.00,2.00,5.00,2007.00,450.00,5.00,0.00,360.00,360.00,,7.00,,,,
2019/05/22 6:36:54 pm GMT-6,2.00,2.00,52.00,2.00,5.00,2007.00,450.00,6.00,0.00,360.00,220.00,,7.00,,,,
2019/05/23 2:47:20 am GMT-6,1.00,1.00,52.00,5.00,3.00,1970.00,1700.00,10.00,10.00,360.00,360.00,,8.00,,,,
2019/05/24 1:19:13 pm GMT-6,2.00,1.00,52.00,5.00,5.00,2003.00,479.00,22.00,18.00,360.00,14.00,,10.00,,,,
2019/05/24 5:47:46 pm GMT-6,3.00,1.00,52.00,4.00,3.00,1999.00,760.00,2.00,70.00,360.00,360.00,,7.00,,,,
2019/05/24 6:04:21 pm GMT-6,5.00,2.00,52.00,2.00,5.00,2001.00,500.00,40.00,30.00,360.00,360.00,,7.00,,,,
2019/05/24 6:04:57 pm GMT-6,4.00,1.00,52.00,4.00,5.00,1989.00,400.00,15.00,20.00,3.00,200.00,,9.00,,,,
2019/05/24 6:08:44 pm GMT-6,3.00,3.00,52.00,2.00,3.00,2013.00,450.00,2.00,5.00,360.00,20.00,,5.00,,,,
2019/05/24 6:39:58 pm GMT-6,1.00,2.00,52.00,3.00,3.00,1979.00,150.00,100.00,0.00,360.00,0.00,,6.00,,,,
2019/05/24 7:00:31 pm GMT-6,2.00,1.00,52.00,5.00,3.00,2013.00,800.00,15.00,6.00,360.00,40.00,,8.00,,,,
2019/05/24 10:52:14 pm GMT-6,5.00,3.00,52.00,4.00,0.00,2013.00,400.00,1.00,10.00,250.00,0.00,,4.00,,,,
2019/05/24 11:59:38 pm GMT-6,2.00,1.00,52.00,10.00,8.00,2015.00,630.00,6.00,42.00,360.00,6.00,,18.00,,,,
2019/05/25 6:05:29 am GMT-6,2.00,2.00,52.00,2.00,2.00,2008.00,1200.00,3.00,12.00,360.00,360.00,,4.00,,,,
2019/05/25 11:12:48 am GMT-6,2.00,2.00,52.00,4.00,4.00,2009.00,700.00,30.00,20.00,360.00,200.00,,8.00,,,,
2019/05/25 7:24:08 pm GMT-6,4.00,1.00,52.00,7.00,6.00,2004.00,750.00,30.00,30.00,360.00,0.00,,13.00,,,,
2019/05/22 7:30:53 am GMT-6,2.00,4.00,53.00,2.00,2.00,1997.00,4601.00,1.00,5.00,360.00,0.00,,4.00,,,,
2019/05/22 11:42:12 am GMT-6,2.00,4.00,53.00,1.00,6.00,2008.00,406.00,3.00,40.00,100.00,270.00,,7.00,,,,
2019/05/22 2:55:46 pm GMT-6,4.00,1.00,53.00,5.00,3.00,1991.00,500.00,4.00,4.00,360.00,360.00,,8.00,,,,
2019/05/23 7:09:55 am GMT-6,2.00,4.00,53.00,1.00,6.00,2008.00,406.00,3.00,40.00,100.00,270.00,,7.00,,,,
2019/05/24 1:20:25 pm GMT-6,1.00,3.00,53.00,4.00,4.00,2014.00,400.00,15.00,50.00,360.00,0.00,,8.00,,,,
2019/05/24 3:43:30 pm GMT-6,2.00,1.00,53.00,1.00,4.00,2003.00,500.00,8.00,8.00,360.00,0.00,,5.00,,,,
2019/05/24 5:46:34 pm GMT-6,4.00,2.00,53.00,6.00,4.00,2011.00,650.00,120.00,36.00,180.00,360.00,,10.00,,,,
2019/05/24 5:49:10 pm GMT-6,5.00,2.00,53.00,6.00,2.00,1999.00,450.00,10.00,0.00,360.00,360.00,,8.00,,,,
2019/05/24 5:57:28 pm GMT-6,2.00,1.00,53.00,4.00,1.00,2013.00,238.00,10.00,7.00,360.00,180.00,,5.00,,,,
2019/05/24 5:57:34 pm GMT-6,3.00,3.00,53.00,3.00,4.00,2017.00,700.00,50.00,30.00,100.00,60.00,,7.00,,,,
2019/05/24 6:05:37 pm GMT-6,3.00,1.00,53.00,4.00,5.00,2008.00,500.00,3.00,30.00,360.00,260.00,,9.00,,,,
2019/05/24 6:38:06 pm GMT-6,2.00,2.00,53.00,4.00,2.00,2001.00,400.00,4.00,1.00,130.00,0.00,,6.00,,,,
2019/05/24 7:31:47 pm GMT-6,4.00,1.00,53.00,5.00,3.00,1996.00,400.00,2.00,9.00,360.00,360.00,,8.00,,,,
2019/05/25 2:54:02 am GMT-6,4.00,1.00,53.00,2.00,2.00,2009.00,330.00,4.00,10.00,360.00,360.00,,4.00,,,,
2019/05/25 8:38:15 am GMT-6,2.00,1.00,53.00,5.00,2.00,2008.00,320.00,12.00,4.00,150.00,180.00,,7.00,,,,
2019/05/25 8:54:13 am GMT-6,2.00,1.00,53.00,6.00,3.00,2012.00,200.00,4.00,4.00,360.00,2.00,,9.00,,,,
2019/05/25 2:02:11 pm GMT-6,2.00,1.00,53.00,4.00,4.00,2016.00,500.00,12.00,3.00,360.00,180.00,,8.00,,,,
2019/05/25 7:36:32 pm GMT-6,1.00,2.00,53.00,5.00,8.00,2005.00,375.00,20.00,1.00,360.00,0.00,,13.00,,,,
2019/05/25 8:27:47 pm GMT-6,4.00,2.00,53.00,7.00,2.00,2001.00,500.00,2.00,3.00,360.00,300.00,,9.00,,,,
2019/06/02 9:56:27 pm GMT-6,2.00,2.00,53.00,2.00,3.00,2013.00,1800.00,10.00,15.00,360.00,360.00,,5.00,,,,
2019/05/22 6:24:02 am GMT-6,2.00,2.00,54.00,6.00,2.00,2012.00,400.00,7.00,20.00,3.00,9.00,,8.00,,,,
2019/05/23 6:25:20 am GMT-6,5.00,1.00,54.00,2.00,1.00,2006.00,375.00,20.00,20.00,360.00,0.00,,3.00,,,,
2019/05/23 11:49:15 am GMT-6,4.00,1.00,54.00,5.00,3.00,2004.00,900.00,4.00,10.00,360.00,90.00,,8.00,,,,
2019/05/23 9:48:44 pm GMT-6,1.00,1.00,54.00,3.00,1.00,2009.00,400.00,150.00,0.00,360.00,0.00,,4.00,,,,
2019/05/24 12:46:48 pm GMT-6,5.00,3.00,54.00,3.00,5.00,1994.00,2000.00,100.00,0.00,360.00,50.00,,8.00,,,,
2019/05/24 1:34:24 pm GMT-6,2.00,2.00,54.00,7.00,3.00,1994.00,350.00,20.00,50.00,360.00,360.00,,10.00,,,,
2019/05/24 2:15:27 pm GMT-6,2.00,1.00,54.00,6.00,4.00,1999.00,600.00,5.00,5.00,5.00,20.00,,10.00,,,,
2019/05/24 5:44:58 pm GMT-6,2.00,3.00,54.00,1.00,4.00,2010.00,750.00,6.00,9.00,30.00,360.00,,5.00,,,,
2019/05/24 5:47:33 pm GMT-6,2.00,2.00,54.00,4.00,4.00,2010.00,365.00,3.00,2.00,360.00,0.00,,8.00,,,,
2019/05/24 6:36:49 pm GMT-6,5.00,1.00,54.00,3.00,2.00,1988.00,500.00,4.00,4.00,360.00,0.00,,5.00,,,,
2019/05/24 6:40:55 pm GMT-6,1.00,2.00,54.00,7.00,3.00,2007.00,450.00,10.00,0.00,360.00,360.00,,10.00,,,,
2019/05/24 6:44:11 pm GMT-6,2.00,1.00,54.00,0.00,6.00,2009.00,600.00,1.00,4.00,360.00,360.00,,6.00,,,,
2019/05/24 8:16:56 pm GMT-6,5.00,1.00,54.00,3.00,5.00,1998.00,400.00,8.00,0.00,300.00,250.00,,8.00,,,,
2019/05/24 8:34:49 pm GMT-6,5.00,1.00,54.00,6.00,6.00,1998.00,400.00,20.00,50.00,360.00,0.00,,12.00,,,,
2019/05/24 11:20:22 pm GMT-6,1.00,1.00,54.00,3.00,4.00,2013.00,1900.00,360.00,80.00,360.00,0.00,,7.00,,,,
2019/05/25 10:58:55 am GMT-6,2.00,1.00,54.00,4.00,4.00,2011.00,580.00,20.00,15.00,39.00,50.00,,8.00,,,,
2019/05/25 1:04:32 pm GMT-6,2.00,2.00,54.00,4.00,4.00,2012.00,580.00,10.00,10.00,360.00,200.00,,8.00,,,,
2019/05/26 6:17:09 am GMT-6,2.00,2.00,54.00,3.00,4.00,2016.00,700.00,1.00,0.00,180.00,360.00,,7.00,,,,
2019/05/22 3:41:02 am GMT-6,1.00,2.00,55.00,3.00,0.00,1984.00,570.00,4.00,10.00,300.00,150.00,,3.00,,,,
2019/05/22 7:34:16 am GMT-6,1.00,2.00,55.00,3.00,2.00,1999.00,850.00,30.00,50.00,360.00,360.00,,5.00,,,,
2019/05/22 12:19:50 pm GMT-6,2.00,2.00,55.00,2.00,5.00,2004.00,725.00,7.00,48.00,360.00,360.00,,7.00,,,,
2019/05/22 6:17:22 pm GMT-6,2.00,1.00,55.00,8.00,2.00,1999.00,700.00,2.00,0.00,360.00,140.00,,10.00,,,,
2019/05/23 2:46:54 am GMT-6,1.00,2.00,55.00,4.00,3.00,2000.00,800.00,10.00,30.00,50.00,50.00,,7.00,,,,
2019/05/24 11:39:49 am GMT-6,4.00,1.00,55.00,4.00,2.00,2017.00,1800.00,2.00,1.00,360.00,360.00,,6.00,,,,
2019/05/24 12:07:18 pm GMT-6,2.00,2.00,55.00,5.00,2.00,2012.00,450.00,30.00,2.00,360.00,150.00,,7.00,,,,
2019/05/24 12:27:52 pm GMT-6,3.00,2.00,55.00,3.00,4.00,2017.00,900.00,4.00,7.00,360.00,150.00,,7.00,,,,
2019/05/24 12:28:20 pm GMT-6,2.00,2.00,55.00,3.00,5.00,2001.00,500.00,5.00,25.00,360.00,10.00,,8.00,,,,
2019/05/24 12:35:39 pm GMT-6,1.00,1.00,55.00,2.00,6.00,1999.00,2000.00,100.00,360.00,360.00,0.00,,8.00,,,,
2019/05/24 1:16:29 pm GMT-6,4.00,2.00,55.00,3.00,5.00,2016.00,800.00,5.00,13.00,360.00,360.00,,8.00,,,,
2019/05/24 1:21:35 pm GMT-6,4.00,2.00,55.00,8.00,6.00,2007.00,900.00,1.00,3.00,360.00,360.00,,14.00,,,,
2019/05/24 2:25:11 pm GMT-6,2.00,1.00,55.00,1.00,6.00,2007.00,450.00,10.00,3.00,360.00,0.00,,7.00,,,,
2019/05/24 3:33:09 pm GMT-6,2.00,1.00,55.00,4.00,4.00,1998.00,700.00,17.00,10.00,360.00,0.00,,8.00,,,,
2019/05/24 4:17:02 pm GMT-6,2.00,1.00,55.00,2.00,4.00,1999.00,600.00,104.00,0.00,360.00,0.00,,6.00,,,,
2019/05/24 4:54:36 pm GMT-6,2.00,1.00,55.00,2.00,7.00,2005.00,500.00,12.00,0.00,360.00,0.00,,9.00,,,,
2019/05/24 5:27:27 pm GMT-6,2.00,4.00,55.00,9.00,6.00,2008.00,2500.00,100.00,30.00,360.00,100.00,,15.00,,,,
2019/05/24 5:44:12 pm GMT-6,2.00,1.00,55.00,5.00,4.00,2014.00,900.00,60.00,100.00,360.00,360.00,,9.00,,,,
2019/05/24 5:48:28 pm GMT-6,4.00,1.00,55.00,6.00,4.00,1989.00,500.00,40.00,20.00,360.00,0.00,,10.00,,,,
2019/05/24 5:51:20 pm GMT-6,2.00,2.00,55.00,3.00,3.00,1994.00,450.00,5.00,7.00,360.00,0.00,,6.00,,,,
2019/05/24 5:55:54 pm GMT-6,1.00,1.00,55.00,6.00,3.00,2010.00,600.00,3.00,2.00,360.00,200.00,,9.00,,,,
2019/05/24 5:58:51 pm GMT-6,4.00,2.00,55.00,2.00,7.00,2016.00,360.00,4.00,12.00,360.00,360.00,,9.00,,,,
2019/05/24 6:00:55 pm GMT-6,4.00,1.00,55.00,4.00,5.00,1994.00,1000.00,25.00,15.00,360.00,360.00,,9.00,,,,
2019/05/24 6:01:29 pm GMT-6,4.00,2.00,55.00,5.00,3.00,2005.00,750.00,80.00,50.00,360.00,360.00,,8.00,,,,
2019/05/24 6:03:08 pm GMT-6,4.00,1.00,55.00,6.00,8.00,2006.00,700.00,4.00,5.00,360.00,360.00,,14.00,,,,
2019/05/24 6:09:00 pm GMT-6,2.00,1.00,55.00,4.00,2.00,2004.00,700.00,360.00,20.00,360.00,360.00,,6.00,,,,
2019/05/24 6:12:54 pm GMT-6,3.00,2.00,55.00,3.00,3.00,2012.00,750.00,10.00,70.00,360.00,0.00,,6.00,,,,
2019/05/24 6:21:19 pm GMT-6,2.00,1.00,55.00,4.00,2.00,2001.00,700.00,2.00,4.00,360.00,100.00,,6.00,,,,
2019/05/24 6:26:29 pm GMT-6,2.00,3.00,55.00,2.00,5.00,2009.00,300.00,4.00,2.00,360.00,0.00,,7.00,,,,
2019/05/24 6:53:36 pm GMT-6,1.00,1.00,55.00,4.00,3.00,2011.00,900.00,10.00,15.00,360.00,0.00,,7.00,,,,
2019/05/24 7:50:11 pm GMT-6,2.00,3.00,55.00,3.00,2.00,2000.00,700.00,3.00,3.00,150.00,0.00,,5.00,,,,
2019/05/24 7:51:44 pm GMT-6,5.00,1.00,55.00,3.00,6.00,2016.00,400.00,12.00,6.00,360.00,0.00,,9.00,,,,
2019/05/24 8:31:30 pm GMT-6,5.00,1.00,55.00,3.00,3.00,2002.00,500.00,5.00,50.00,360.00,360.00,,6.00,,,,
2019/05/24 9:00:53 pm GMT-6,2.00,1.00,55.00,9.00,7.00,1989.00,600.00,2.00,10.00,360.00,360.00,,16.00,,,,
2019/05/24 9:01:46 pm GMT-6,3.00,2.00,55.00,3.00,4.00,2015.00,550.00,20.00,360.00,360.00,360.00,,7.00,,,,
2019/05/24 9:32:16 pm GMT-6,3.00,1.00,55.00,3.00,4.00,1996.00,440.00,2.00,5.00,360.00,360.00,,7.00,,,,
2019/05/24 10:10:03 pm GMT-6,5.00,2.00,55.00,3.00,7.00,2009.00,675.00,4.00,8.00,360.00,30.00,,10.00,,,,
2019/05/24 10:47:11 pm GMT-6,4.00,1.00,55.00,4.00,6.00,2011.00,900.00,20.00,20.00,360.00,0.00,,10.00,,,,
2019/05/25 3:34:08 am GMT-6,2.00,1.00,55.00,6.00,3.00,2008.00,700.00,30.00,12.00,360.00,0.00,,9.00,,,,
2019/05/25 7:56:23 am GMT-6,2.00,2.00,55.00,5.00,1.00,1995.00,450.00,30.00,0.00,360.00,360.00,,6.00,,,,
2019/05/25 8:17:21 am GMT-6,2.00,2.00,55.00,2.00,3.00,2016.00,425.00,35.00,25.00,360.00,15.00,,5.00,,,,
2019/05/25 8:41:47 am GMT-6,2.00,1.00,55.00,5.00,4.00,1986.00,330.00,25.00,0.00,360.00,0.00,,9.00,,,,
2019/05/25 8:50:41 am GMT-6,4.00,1.00,55.00,4.00,4.00,2003.00,484.00,6.00,3.00,360.00,2.00,,8.00,,,,
2019/05/25 10:35:55 am GMT-6,2.00,1.00,55.00,8.00,2.00,2011.00,500.00,30.00,0.00,100.00,100.00,,10.00,,,,
2019/05/25 11:55:36 am GMT-6,2.00,1.00,55.00,3.00,4.00,2012.00,375.00,30.00,30.00,360.00,10.00,,7.00,,,,
2019/05/25 12:14:16 pm GMT-6,2.00,2.00,55.00,2.00,7.00,2018.00,500.00,20.00,30.00,360.00,0.00,,9.00,,,,
2019/05/25 12:48:26 pm GMT-6,1.00,1.00,55.00,5.00,0.00,2018.00,1300.00,1.00,1.00,100.00,200.00,,5.00,,,,
2019/05/25 1:41:25 pm GMT-6,2.00,2.00,55.00,3.00,4.00,2006.00,750.00,15.00,0.00,360.00,0.00,,7.00,,,,
2019/05/25 3:30:56 pm GMT-6,3.00,2.00,55.00,7.00,2.00,1984.00,300.00,1.00,1.00,360.00,12.00,,9.00,,,,
2019/05/25 3:59:44 pm GMT-6,2.00,2.00,55.00,6.00,2.00,2013.00,750.00,6.00,6.00,360.00,360.00,,8.00,,,,
2019/05/25 5:48:43 pm GMT-6,3.00,1.00,55.00,5.00,3.00,2016.00,400.00,6.00,15.00,360.00,0.00,,8.00,,,,
2019/05/25 7:32:10 pm GMT-6,2.00,2.00,55.00,1.00,2.00,1987.00,450.00,5.00,0.00,360.00,200.00,,3.00,,,,
2019/05/26 4:10:34 am GMT-6,4.00,2.00,55.00,2.00,3.00,2005.00,340.00,1.00,0.00,360.00,0.00,,5.00,,,,
2019/05/26 10:21:29 pm GMT-6,5.00,1.00,55.00,4.00,6.00,2017.00,450.00,5.00,20.00,360.00,200.00,,10.00,,,,
2019/05/23 4:13:47 am GMT-6,2.00,2.00,56.00,5.00,3.00,2014.00,800.00,0.00,50.00,20.00,360.00,,8.00,,,,
2019/05/24 1:55:13 pm GMT-6,2.00,1.00,56.00,3.00,3.00,2009.00,400.00,6.00,12.00,360.00,0.00,,6.00,,,,
2019/05/24 3:08:46 pm GMT-6,2.00,1.00,56.00,3.00,3.00,1999.00,300.00,2.00,4.00,360.00,0.00,,6.00,,,,
2019/05/24 3:16:57 pm GMT-6,2.00,3.00,56.00,4.00,2.00,1997.00,300.00,360.00,0.00,360.00,0.00,,6.00,,,,
2019/05/24 3:29:29 pm GMT-6,1.00,1.00,56.00,2.00,5.00,2013.00,1300.00,50.00,80.00,360.00,50.00,,7.00,,,,
2019/05/24 3:50:44 pm GMT-6,5.00,2.00,56.00,3.00,4.00,1998.00,450.00,4.00,10.00,360.00,30.00,,7.00,,,,
2019/05/24 5:51:54 pm GMT-6,4.00,2.00,56.00,6.00,3.00,2008.00,340.00,20.00,0.00,360.00,0.00,,9.00,,,,
2019/05/24 5:52:13 pm GMT-6,2.00,2.00,56.00,1.00,5.00,2007.00,400.00,6.00,52.00,360.00,0.00,,6.00,,,,
2019/05/24 5:58:37 pm GMT-6,2.00,1.00,56.00,1.00,3.00,2011.00,400.00,5.00,5.00,360.00,0.00,,4.00,,,,
2019/05/24 6:04:55 pm GMT-6,2.00,3.00,56.00,4.00,4.00,2015.00,600.00,50.00,30.00,360.00,360.00,,8.00,,,,
2019/05/24 6:05:05 pm GMT-6,2.00,2.00,56.00,2.00,5.00,1996.00,850.00,20.00,20.00,20.00,360.00,,7.00,,,,
2019/05/24 6:12:14 pm GMT-6,4.00,1.00,56.00,5.00,4.00,2002.00,423.00,20.00,20.00,360.00,360.00,,9.00,,,,
2019/05/24 6:28:51 pm GMT-6,2.00,2.00,56.00,7.00,1.00,2003.00,1200.00,2.00,6.00,360.00,100.00,,8.00,,,,
2019/05/24 6:30:48 pm GMT-6,2.00,1.00,56.00,3.00,6.00,2002.00,550.00,10.00,0.00,300.00,300.00,,9.00,,,,
2019/05/24 6:42:57 pm GMT-6,4.00,2.00,56.00,5.00,4.00,1999.00,700.00,360.00,360.00,360.00,360.00,,9.00,,,,
2019/05/24 11:26:25 pm GMT-6,4.00,2.00,56.00,4.00,3.00,2000.00,600.00,200.00,0.00,360.00,0.00,,7.00,,,,
2019/05/25 3:36:14 am GMT-6,3.00,1.00,56.00,4.00,6.00,1999.00,900.00,12.00,20.00,360.00,360.00,,10.00,,,,
2019/05/25 7:17:27 am GMT-6,2.00,1.00,56.00,2.00,3.00,1989.00,650.00,30.00,0.00,360.00,150.00,,5.00,,,,
2019/05/25 7:31:34 am GMT-6,1.00,1.00,56.00,3.00,5.00,2007.00,500.00,12.00,12.00,360.00,0.00,,8.00,,,,
2019/05/25 2:04:16 pm GMT-6,2.00,3.00,56.00,4.00,2.00,1998.00,300.00,360.00,0.00,360.00,0.00,,6.00,,,,
2019/05/25 6:27:08 pm GMT-6,4.00,2.00,56.00,7.00,2.00,2008.00,780.00,7.00,10.00,360.00,0.00,,9.00,,,,
2019/05/25 6:48:58 pm GMT-6,2.00,3.00,56.00,3.00,4.00,2009.00,1000.00,20.00,30.00,40.00,360.00,,7.00,,,,
2019/05/25 8:32:39 pm GMT-6,2.00,1.00,56.00,3.00,3.00,2003.00,425.00,36.00,24.00,300.00,1.00,,6.00,,,,
2019/05/22 7:04:47 am GMT-6,4.00,1.00,57.00,6.00,6.00,1989.00,390.00,250.00,300.00,360.00,0.00,,12.00,,,,
2019/05/22 11:44:21 am GMT-6,2.00,1.00,57.00,3.00,4.00,2006.00,1000.00,8.00,20.00,360.00,0.00,,7.00,,,,
2019/05/22 2:29:37 pm GMT-6,3.00,1.00,57.00,6.00,4.00,1998.00,900.00,20.00,15.00,360.00,280.00,,10.00,,,,
2019/05/22 2:32:56 pm GMT-6,2.00,2.00,57.00,3.00,4.00,2010.00,300.00,10.00,30.00,360.00,0.00,,7.00,,,,
2019/05/24 12:17:01 pm GMT-6,4.00,1.00,57.00,5.00,1.00,2006.00,260.00,6.00,0.00,360.00,180.00,,6.00,,,,
2019/05/24 12:33:39 pm GMT-6,4.00,1.00,57.00,3.00,3.00,1998.00,1250.00,1.00,0.00,360.00,0.00,,6.00,,,,
2019/05/24 1:15:06 pm GMT-6,2.00,2.00,57.00,2.00,1.00,2009.00,620.00,10.00,0.00,360.00,0.00,,3.00,,,,
2019/05/24 2:43:34 pm GMT-6,2.00,2.00,57.00,3.00,3.00,2011.00,1200.00,2.00,6.00,360.00,160.00,,6.00,,,,
2019/05/24 5:48:40 pm GMT-6,5.00,1.00,57.00,2.00,6.00,2004.00,1100.00,18.00,0.00,360.00,30.00,,8.00,,,,
2019/05/24 5:50:52 pm GMT-6,2.00,3.00,57.00,4.00,7.00,2007.00,500.00,25.00,35.00,360.00,0.00,,11.00,,,,
2019/05/24 5:51:12 pm GMT-6,3.00,2.00,57.00,3.00,2.00,1998.00,210.00,95.00,300.00,360.00,0.00,,5.00,,,,
2019/05/24 6:01:10 pm GMT-6,3.00,2.00,57.00,3.00,4.00,2004.00,400.00,1.00,1.00,0.00,0.00,,7.00,,,,
2019/05/24 6:27:46 pm GMT-6,3.00,2.00,57.00,4.00,5.00,2019.00,600.00,30.00,40.00,360.00,250.00,,9.00,,,,
2019/05/24 6:50:53 pm GMT-6,4.00,1.00,57.00,6.00,3.00,1999.00,625.00,10.00,5.00,360.00,0.00,,9.00,,,,
2019/05/24 7:42:34 pm GMT-6,1.00,1.00,57.00,3.00,2.00,2018.00,700.00,0.00,1.00,360.00,180.00,,5.00,,,,
2019/05/24 7:44:03 pm GMT-6,5.00,2.00,57.00,3.00,4.00,2014.00,450.00,8.00,11.00,340.00,270.00,,7.00,,,,
2019/05/25 3:43:25 am GMT-6,2.00,1.00,57.00,5.00,3.00,2003.00,750.00,300.00,360.00,360.00,0.00,,8.00,,,,
2019/05/25 7:59:51 am GMT-6,5.00,2.00,57.00,4.00,3.00,1979.00,420.00,10.00,12.00,360.00,4.00,,7.00,,,,
2019/05/22 11:41:13 am GMT-6,2.00,2.00,58.00,3.00,3.00,2004.00,2000.00,20.00,10.00,360.00,180.00,,6.00,,,,
2019/05/22 2:20:42 pm GMT-6,2.00,2.00,58.00,8.00,2.00,2018.00,375.00,5.00,10.00,360.00,0.00,,10.00,,,,
2019/05/22 5:12:06 pm GMT-6,2.00,3.00,58.00,5.00,2.00,2001.00,600.00,50.00,30.00,360.00,360.00,,7.00,,,,
2019/05/23 5:17:55 am GMT-6,4.00,1.00,58.00,3.00,4.00,2013.00,1125.00,0.00,0.00,360.00,10.00,,7.00,,,,
2019/05/23 4:05:22 pm GMT-6,1.00,1.00,58.00,4.00,2.00,2003.00,1100.00,3.00,8.00,360.00,220.00,,6.00,,,,
2019/05/24 4:33:13 pm GMT-6,4.00,2.00,58.00,1.00,3.00,2009.00,400.00,30.00,0.00,360.00,0.00,,4.00,,,,
2019/05/24 5:46:24 pm GMT-6,4.00,1.00,58.00,3.00,2.00,2008.00,300.00,12.00,0.00,360.00,360.00,,5.00,,,,
2019/05/24 5:53:25 pm GMT-6,2.00,1.00,58.00,4.00,3.00,2015.00,400.00,15.00,3.00,360.00,360.00,,7.00,,,,
2019/05/24 6:26:14 pm GMT-6,3.00,1.00,58.00,3.00,5.00,1990.00,420.00,20.00,20.00,360.00,360.00,,8.00,,,,
2019/05/24 6:34:32 pm GMT-6,4.00,1.00,58.00,4.00,3.00,2006.00,300.00,10.00,0.00,360.00,300.00,,7.00,,,,
2019/05/25 2:37:43 pm GMT-6,1.00,2.00,58.00,6.00,2.00,1989.00,2500.00,30.00,30.00,360.00,360.00,,8.00,,,,
2019/05/25 3:07:30 pm GMT-6,1.00,1.00,58.00,4.00,3.00,2007.00,428.00,8.00,2.00,360.00,120.00,,7.00,,,,
2019/05/25 6:15:48 pm GMT-6,5.00,2.00,58.00,7.00,3.00,1995.00,900.00,5.00,0.00,360.00,0.00,,10.00,,,,
2019/05/22 6:52:11 am GMT-6,1.00,2.00,59.00,6.00,2.00,1995.00,550.00,7.00,5.00,360.00,360.00,,8.00,,,,
2019/05/22 12:07:14 pm GMT-6,1.00,1.00,59.00,5.00,3.00,2002.00,1050.00,4.00,8.00,360.00,180.00,,8.00,,,,
2019/05/24 11:43:36 am GMT-6,2.00,1.00,59.00,2.00,4.00,2006.00,900.00,15.00,30.00,360.00,0.00,,6.00,,,,
2019/05/24 12:13:03 pm GMT-6,4.00,1.00,59.00,5.00,2.00,2000.00,400.00,240.00,2.00,360.00,360.00,,7.00,,,,
2019/05/24 1:25:39 pm GMT-6,2.00,1.00,59.00,1.00,1.00,2002.00,504.00,1.00,10.00,360.00,360.00,,2.00,,,,
2019/05/24 1:29:18 pm GMT-6,2.00,2.00,59.00,7.00,6.00,1980.00,750.00,360.00,200.00,360.00,360.00,,13.00,,,,
2019/05/24 1:35:26 pm GMT-6,2.00,2.00,59.00,4.00,7.00,1984.00,400.00,360.00,360.00,360.00,360.00,,11.00,,,,
2019/05/24 4:55:23 pm GMT-6,2.00,1.00,59.00,6.00,3.00,1995.00,600.00,100.00,50.00,360.00,360.00,,9.00,,,,
2019/05/24 5:42:59 pm GMT-6,2.00,1.00,59.00,4.00,3.00,2013.00,750.00,20.00,25.00,360.00,250.00,,7.00,,,,
2019/05/24 5:50:01 pm GMT-6,4.00,2.00,59.00,3.00,4.00,2009.00,900.00,30.00,24.00,360.00,360.00,,7.00,,,,
2019/05/24 6:08:34 pm GMT-6,3.00,2.00,59.00,3.00,5.00,1985.00,144.00,10.00,100.00,360.00,0.00,,8.00,,,,
2019/05/24 6:43:01 pm GMT-6,5.00,2.00,59.00,4.00,7.00,1989.00,500.00,20.00,20.00,360.00,360.00,,11.00,,,,
2019/05/24 6:43:27 pm GMT-6,4.00,2.00,59.00,4.00,8.00,2014.00,370.00,360.00,360.00,360.00,360.00,,12.00,,,,
2019/05/25 5:59:56 pm GMT-6,1.00,1.00,59.00,2.00,3.00,1989.00,400.00,150.00,360.00,100.00,0.00,,5.00,,,,
2019/05/25 6:52:00 pm GMT-6,4.00,1.00,59.00,7.00,1.00,2010.00,800.00,3.00,10.00,360.00,360.00,,8.00,,,,
2019/05/22 3:30:58 am GMT-6,5.00,2.00,60.00,7.00,3.00,1999.00,750.00,4.00,5.00,360.00,300.00,,10.00,,,,
2019/05/22 3:31:50 am GMT-6,5.00,2.00,60.00,4.00,4.00,2000.00,330.00,100.00,200.00,360.00,150.00,,8.00,,,,
2019/05/22 4:19:10 am GMT-6,4.00,2.00,60.00,4.00,1.00,2004.00,760.00,12.00,0.00,360.00,175.00,,5.00,,,,
2019/05/22 4:33:02 am GMT-6,5.00,2.00,60.00,5.00,3.00,1983.00,370.00,5.00,15.00,360.00,158.00,,8.00,,,,
2019/05/22 10:42:01 am GMT-6,4.00,1.00,60.00,3.00,3.00,1993.00,500.00,3.00,3.00,360.00,300.00,,6.00,,,,
2019/05/22 11:41:14 am GMT-6,3.00,1.00,60.00,3.00,4.00,2005.00,400.00,60.00,2.00,360.00,0.00,,7.00,,,,
2019/05/22 11:42:15 am GMT-6,4.00,1.00,60.00,4.00,1.00,1994.00,900.00,2.00,2.00,360.00,0.00,,5.00,,,,
2019/05/22 11:43:25 am GMT-6,2.00,1.00,60.00,3.00,4.00,1998.00,900.00,20.00,2.00,100.00,80.00,,7.00,,,,
2019/05/22 11:48:16 am GMT-6,2.00,1.00,60.00,5.00,2.00,1996.00,500.00,12.00,30.00,360.00,0.00,,7.00,,,,
2019/05/22 11:50:40 am GMT-6,2.00,2.00,60.00,7.00,3.00,2009.00,1500.00,3.00,4.00,60.00,360.00,,10.00,,,,
2019/05/22 11:54:03 am GMT-6,2.00,1.00,60.00,3.00,4.00,2016.00,500.00,4.00,50.00,200.00,100.00,,7.00,,,,
2019/05/22 11:55:01 am GMT-6,2.00,1.00,60.00,4.00,0.00,2008.00,900.00,5.00,5.00,360.00,360.00,,4.00,,,,
2019/05/22 11:56:49 am GMT-6,1.00,1.00,60.00,5.00,2.00,1978.00,300.00,4.00,0.00,360.00,360.00,,7.00,,,,
2019/05/22 11:59:21 am GMT-6,5.00,1.00,60.00,3.00,7.00,2014.00,1000.00,100.00,200.00,360.00,360.00,,10.00,,,,
2019/05/22 12:17:02 pm GMT-6,4.00,3.00,60.00,2.00,2.00,1990.00,550.00,10.00,0.00,360.00,50.00,,4.00,,,,
2019/05/22 12:38:40 pm GMT-6,2.00,1.00,60.00,5.00,2.00,2009.00,1000.00,3.00,5.00,5.00,360.00,,7.00,,,,
2019/05/22 12:59:55 pm GMT-6,1.00,3.00,60.00,0.00,7.00,1998.00,850.00,20.00,2.00,300.00,0.00,,7.00,,,,
2019/05/22 2:05:12 pm GMT-6,2.00,2.00,60.00,2.00,3.00,2011.00,600.00,7.00,5.00,360.00,4.00,,5.00,,,,
2019/05/22 2:12:12 pm GMT-6,4.00,1.00,60.00,4.00,4.00,2017.00,340.00,360.00,20.00,360.00,250.00,,8.00,,,,
2019/05/22 2:28:13 pm GMT-6,2.00,2.00,60.00,3.00,2.00,2006.00,500.00,10.00,10.00,360.00,360.00,,5.00,,,,
2019/05/22 2:34:10 pm GMT-6,2.00,1.00,60.00,5.00,5.00,2013.00,325.00,360.00,150.00,360.00,20.00,,10.00,,,,
2019/05/22 3:26:31 pm GMT-6,2.00,1.00,60.00,3.00,3.00,2018.00,500.00,29.00,99.00,360.00,0.00,,6.00,,,,
2019/05/22 4:21:43 pm GMT-6,2.00,2.00,60.00,4.00,2.00,2016.00,1000.00,10.00,3.00,3.00,300.00,,6.00,,,,
2019/05/22 6:19:40 pm GMT-6,3.00,1.00,60.00,7.00,6.00,2008.00,800.00,30.00,30.00,360.00,300.00,,13.00,,,,
2019/05/22 10:19:37 pm GMT-6,2.00,1.00,60.00,4.00,7.00,2012.00,875.00,25.00,50.00,360.00,270.00,,11.00,,,,
2019/05/23 1:15:25 am GMT-6,2.00,1.00,60.00,3.00,2.00,2009.00,1000.00,1.00,6.00,360.00,0.00,,5.00,,,,
2019/05/23 1:59:06 am GMT-6,5.00,1.00,60.00,4.00,8.00,1998.00,1000.00,4.00,50.00,360.00,360.00,,12.00,,,,
2019/05/23 3:38:23 am GMT-6,2.00,1.00,60.00,5.00,2.00,1992.00,1000.00,30.00,30.00,360.00,360.00,,7.00,,,,
2019/05/23 5:05:26 am GMT-6,5.00,1.00,60.00,8.00,3.00,1994.00,1000.00,120.00,160.00,360.00,360.00,,11.00,,,,
2019/05/23 7:46:29 pm GMT-6,1.00,2.00,60.00,2.00,2.00,2011.00,1500.00,50.00,50.00,360.00,200.00,,4.00,,,,
2019/05/24 7:16:58 am GMT-6,4.00,2.00,60.00,3.00,6.00,2017.00,600.00,15.00,20.00,360.00,360.00,,9.00,,,,
2019/05/24 11:50:00 am GMT-6,4.00,2.00,60.00,2.00,3.00,1993.00,990.00,2.00,0.00,360.00,0.00,,5.00,,,,
2019/05/24 11:50:03 am GMT-6,2.00,1.00,60.00,4.00,3.00,2000.00,1000.00,3.00,0.00,360.00,360.00,,7.00,,,,
2019/05/24 11:52:29 am GMT-6,4.00,2.00,60.00,5.00,3.00,2000.00,700.00,2.00,10.00,360.00,360.00,,8.00,,,,
2019/05/24 11:53:11 am GMT-6,2.00,1.00,60.00,4.00,4.00,2002.00,840.00,3.00,20.00,20.00,360.00,,8.00,,,,
2019/05/24 12:24:21 pm GMT-6,2.00,1.00,60.00,5.00,2.00,2002.00,625.00,52.00,21.00,360.00,300.00,,7.00,,,,
2019/05/24 12:31:11 pm GMT-6,2.00,2.00,60.00,5.00,3.00,2016.00,900.00,50.00,50.00,40.00,360.00,,8.00,,,,
2019/05/24 1:09:59 pm GMT-6,2.00,2.00,60.00,2.00,2.00,2009.00,400.00,6.00,0.00,360.00,3.00,,4.00,,,,
2019/05/24 1:18:40 pm GMT-6,2.00,3.00,60.00,1.00,5.00,1990.00,930.00,13.00,4.00,360.00,0.00,,6.00,,,,
2019/05/24 1:18:52 pm GMT-6,2.00,1.00,60.00,5.00,3.00,1985.00,650.00,60.00,50.00,100.00,0.00,,8.00,,,,
2019/05/24 1:45:36 pm GMT-6,4.00,2.00,60.00,7.00,6.00,2012.00,5000.00,15.00,10.00,360.00,360.00,,13.00,,,,
2019/05/24 3:13:48 pm GMT-6,2.00,4.00,60.00,4.00,6.00,1975.00,2000.00,10.00,20.00,360.00,150.00,,10.00,,,,
2019/05/24 3:21:33 pm GMT-6,4.00,1.00,60.00,5.00,4.00,1987.00,725.00,2.00,7.00,260.00,150.00,,9.00,,,,
2019/05/24 3:22:25 pm GMT-6,4.00,1.00,60.00,3.00,4.00,2001.00,400.00,10.00,0.00,360.00,0.00,,7.00,,,,
2019/05/24 3:30:53 pm GMT-6,2.00,2.00,60.00,2.00,3.00,2007.00,650.00,10.00,0.00,360.00,0.00,,5.00,,,,
2019/05/24 4:00:46 pm GMT-6,2.00,1.00,60.00,3.00,3.00,1990.00,400.00,3.00,0.00,360.00,360.00,,6.00,,,,
2019/05/24 5:23:21 pm GMT-6,2.00,1.00,60.00,2.00,3.00,2004.00,850.00,3.00,4.00,360.00,0.00,,5.00,,,,
2019/05/24 5:38:18 pm GMT-6,2.00,1.00,60.00,4.00,2.00,1999.00,350.00,20.00,0.00,360.00,0.00,,6.00,,,,
2019/05/24 5:46:34 pm GMT-6,4.00,1.00,60.00,1.00,4.00,1974.00,300.00,1.00,6.00,50.00,5.00,,5.00,,,,
2019/05/24 5:47:39 pm GMT-6,2.00,1.00,60.00,5.00,2.00,2003.00,750.00,5.00,0.00,360.00,360.00,,7.00,,,,
2019/05/24 5:47:47 pm GMT-6,2.00,2.00,60.00,4.00,3.00,2000.00,300.00,5.00,5.00,360.00,360.00,,7.00,,,,
2019/05/24 5:48:26 pm GMT-6,5.00,1.00,60.00,3.00,5.00,2013.00,900.00,15.00,15.00,0.00,360.00,,8.00,,,,
2019/05/24 5:48:41 pm GMT-6,2.00,1.00,60.00,3.00,4.00,2009.00,1250.00,10.00,7.00,360.00,5.00,,7.00,,,,
2019/05/24 5:49:45 pm GMT-6,5.00,2.00,60.00,2.00,3.00,1993.00,700.00,5.00,9.00,360.00,250.00,,5.00,,,,
2019/05/24 5:49:53 pm GMT-6,1.00,4.00,60.00,2.00,5.00,2008.00,600.00,10.00,15.00,6.00,15.00,,7.00,,,,
2019/05/24 5:50:18 pm GMT-6,2.00,1.00,60.00,4.00,4.00,2019.00,600.00,2.00,0.00,360.00,360.00,,8.00,,,,
2019/05/24 5:50:53 pm GMT-6,4.00,1.00,60.00,1.00,6.00,2004.00,1000.00,0.00,4.00,360.00,360.00,,7.00,,,,
2019/05/24 5:51:57 pm GMT-6,1.00,1.00,60.00,2.00,9.00,2001.00,500.00,10.00,30.00,4.00,0.00,,11.00,,,,
2019/05/24 5:55:19 pm GMT-6,4.00,1.00,60.00,3.00,4.00,2004.00,500.00,20.00,20.00,360.00,200.00,,7.00,,,,
2019/05/24 5:56:05 pm GMT-6,2.00,1.00,60.00,2.00,2.00,2010.00,700.00,300.00,100.00,360.00,360.00,,4.00,,,,
2019/05/24 5:56:21 pm GMT-6,3.00,1.00,60.00,3.00,2.00,2007.00,350.00,7.00,7.00,360.00,320.00,,5.00,,,,
2019/05/24 5:57:09 pm GMT-6,5.00,1.00,60.00,6.00,5.00,1995.00,500.00,30.00,50.00,100.00,360.00,,11.00,,,,
2019/05/24 5:58:24 pm GMT-6,5.00,2.00,60.00,4.00,4.00,1995.00,460.00,360.00,360.00,360.00,360.00,,8.00,,,,
2019/05/24 5:59:20 pm GMT-6,4.00,1.00,60.00,3.00,3.00,2006.00,400.00,360.00,360.00,360.00,0.00,,6.00,,,,
2019/05/24 6:10:53 pm GMT-6,2.00,1.00,60.00,5.00,4.00,1990.00,450.00,15.00,30.00,360.00,100.00,,9.00,,,,
2019/05/24 6:11:32 pm GMT-6,2.00,1.00,60.00,6.00,1.00,2005.00,2500.00,50.00,30.00,360.00,190.00,,7.00,,,,
2019/05/24 6:17:29 pm GMT-6,5.00,2.00,60.00,4.00,4.00,2003.00,650.00,8.00,20.00,360.00,360.00,,8.00,,,,
2019/05/24 6:20:50 pm GMT-6,4.00,2.00,60.00,5.00,5.00,2001.00,300.00,30.00,360.00,360.00,360.00,,10.00,,,,
2019/05/24 6:21:45 pm GMT-6,4.00,1.00,60.00,5.00,2.00,2004.00,1350.00,12.00,24.00,360.00,360.00,,7.00,,,,
2019/05/24 6:34:58 pm GMT-6,5.00,1.00,60.00,3.00,4.00,1977.00,325.00,0.00,40.00,360.00,360.00,,7.00,,,,
2019/05/24 6:39:24 pm GMT-6,2.00,2.00,60.00,1.00,5.00,2009.00,540.00,2.00,0.00,360.00,0.00,,6.00,,,,
2019/05/24 6:40:34 pm GMT-6,2.00,1.00,60.00,7.00,4.00,2014.00,750.00,20.00,4.00,360.00,60.00,,11.00,,,,
2019/05/24 6:41:59 pm GMT-6,5.00,3.00,60.00,4.00,2.00,1997.00,700.00,70.00,80.00,360.00,360.00,,6.00,,,,
2019/05/24 6:45:55 pm GMT-6,4.00,1.00,60.00,4.00,3.00,1979.00,400.00,15.00,25.00,360.00,50.00,,7.00,,,,
2019/05/24 6:47:48 pm GMT-6,5.00,1.00,60.00,1.00,2.00,2005.00,600.00,30.00,50.00,360.00,50.00,,3.00,,,,
2019/05/24 6:50:01 pm GMT-6,3.00,2.00,60.00,9.00,5.00,2014.00,184.00,3.00,0.00,360.00,360.00,,14.00,,,,
2019/05/24 6:52:09 pm GMT-6,5.00,1.00,60.00,5.00,2.00,1989.00,400.00,0.00,15.00,360.00,0.00,,7.00,,,,
2019/05/24 6:52:28 pm GMT-6,1.00,1.00,60.00,4.00,3.00,2005.00,5000.00,24.00,12.00,360.00,360.00,,7.00,,,,
2019/05/24 7:12:14 pm GMT-6,1.00,2.00,60.00,1.00,6.00,2013.00,600.00,3.00,15.00,360.00,2.00,,7.00,,,,
2019/05/24 7:14:03 pm GMT-6,4.00,1.00,60.00,2.00,5.00,2008.00,600.00,10.00,0.00,360.00,100.00,,7.00,,,,
2019/05/24 7:15:34 pm GMT-6,1.00,2.00,60.00,4.00,5.00,2010.00,600.00,20.00,23.00,360.00,360.00,,9.00,,,,
2019/05/24 7:22:36 pm GMT-6,5.00,1.00,60.00,3.00,3.00,1979.00,750.00,26.00,0.00,52.00,360.00,,6.00,,,,
2019/05/24 7:23:39 pm GMT-6,1.00,1.00,60.00,3.00,3.00,2012.00,700.00,24.00,24.00,360.00,12.00,,6.00,,,,
2019/05/24 7:25:30 pm GMT-6,1.00,4.00,60.00,2.00,4.00,1989.00,500.00,24.00,0.00,360.00,230.00,,6.00,,,,
2019/05/24 7:35:05 pm GMT-6,1.00,4.00,60.00,2.00,6.00,1984.00,400.00,360.00,360.00,360.00,0.00,,8.00,,,,
2019/05/24 7:42:06 pm GMT-6,4.00,1.00,60.00,3.00,4.00,1982.00,450.00,20.00,16.00,360.00,360.00,,7.00,,,,
2019/05/24 7:49:17 pm GMT-6,2.00,1.00,60.00,4.00,4.00,1987.00,440.00,6.00,7.00,360.00,160.00,,8.00,,,,
2019/05/24 8:04:50 pm GMT-6,4.00,2.00,60.00,2.00,3.00,2009.00,630.00,10.00,20.00,360.00,0.00,,5.00,,,,
2019/05/24 8:39:24 pm GMT-6,1.00,1.00,60.00,3.00,4.00,1979.00,400.00,360.00,300.00,360.00,0.00,,7.00,,,,
2019/05/24 8:49:38 pm GMT-6,4.00,1.00,60.00,3.00,5.00,2015.00,350.00,4.00,0.00,360.00,360.00,,8.00,,,,
2019/05/24 9:15:35 pm GMT-6,5.00,1.00,60.00,4.00,2.00,2000.00,900.00,15.00,7.00,250.00,30.00,,6.00,,,,
2019/05/24 10:57:33 pm GMT-6,1.00,2.00,60.00,3.00,2.00,2012.00,900.00,2.00,2.00,260.00,180.00,,5.00,,,,
2019/05/24 11:38:39 pm GMT-6,2.00,3.00,60.00,5.00,2.00,2010.00,600.00,25.00,150.00,360.00,300.00,,7.00,,,,
2019/05/25 12:57:39 am GMT-6,3.00,2.00,60.00,0.00,10.00,2008.00,400.00,4.00,6.00,360.00,0.00,,10.00,,,,
2019/05/25 3:13:27 am GMT-6,3.00,1.00,60.00,3.00,2.00,1999.00,1250.00,5.00,8.00,360.00,360.00,,5.00,,,,
2019/05/25 4:36:24 am GMT-6,4.00,1.00,60.00,4.00,3.00,2016.00,450.00,10.00,30.00,360.00,360.00,,7.00,,,,
2019/05/25 5:21:52 am GMT-6,4.00,4.00,60.00,1.00,6.00,1994.00,500.00,6.00,10.00,360.00,0.00,,7.00,,,,
2019/05/25 6:10:51 am GMT-6,4.00,1.00,60.00,3.00,10.00,2009.00,750.00,52.00,12.00,360.00,360.00,,13.00,,,,
2019/05/25 7:33:16 am GMT-6,4.00,1.00,60.00,3.00,4.00,2012.00,1200.00,30.00,2.00,360.00,0.00,,7.00,,,,
2019/05/25 7:38:31 am GMT-6,2.00,1.00,60.00,3.00,3.00,2017.00,1200.00,30.00,2.00,360.00,7.00,,6.00,,,,
2019/05/25 7:58:26 am GMT-6,2.00,1.00,60.00,3.00,2.00,1994.00,600.00,20.00,0.00,360.00,360.00,,5.00,,,,
2019/05/25 8:38:30 am GMT-6,3.00,3.00,60.00,2.00,5.00,2015.00,1000.00,52.00,52.00,360.00,360.00,,7.00,,,,
2019/05/25 9:07:44 am GMT-6,4.00,1.00,60.00,4.00,1.00,1969.00,350.00,30.00,0.00,360.00,360.00,,5.00,,,,
2019/05/25 9:52:33 am GMT-6,2.00,1.00,60.00,7.00,5.00,1989.00,600.00,10.00,5.00,360.00,360.00,,12.00,,,,
2019/05/25 11:39:45 am GMT-6,1.00,1.00,60.00,6.00,0.00,1980.00,600.00,30.00,0.00,360.00,360.00,,6.00,,,,
2019/05/25 1:25:47 pm GMT-6,2.00,1.00,60.00,4.00,1.00,1998.00,1050.00,15.00,1.00,360.00,360.00,,5.00,,,,
2019/05/25 2:02:31 pm GMT-6,2.00,1.00,60.00,3.00,3.00,1979.00,500.00,10.00,20.00,360.00,60.00,,6.00,,,,
2019/05/25 3:52:18 pm GMT-6,3.00,3.00,60.00,3.00,8.00,1999.00,300.00,55.00,10.00,360.00,360.00,,11.00,,,,
2019/05/25 5:39:33 pm GMT-6,4.00,2.00,60.00,8.00,6.00,1994.00,400.00,57.00,32.00,360.00,42.00,,14.00,,,,
2019/05/26 10:37:00 am GMT-6,4.00,2.00,60.00,2.00,7.00,1999.00,750.00,4.00,0.00,360.00,360.00,,9.00,,,,
2019/05/24 5:47:44 pm GMT-6,4.00,1.00,61.00,7.00,4.00,2005.00,450.00,6.00,0.00,360.00,0.00,,11.00,,,,
2019/05/24 5:51:28 pm GMT-6,2.00,2.00,61.00,3.00,6.00,1996.00,420.00,50.00,0.00,360.00,52.00,,9.00,,,,
2019/05/24 6:09:48 pm GMT-6,4.00,1.00,61.00,7.00,4.00,2010.00,1200.00,25.00,30.00,360.00,300.00,,11.00,,,,
2019/05/24 6:26:14 pm GMT-6,2.00,2.00,61.00,3.00,1.00,2001.00,250.00,360.00,0.00,360.00,0.00,,4.00,,,,
2019/05/24 6:39:11 pm GMT-6,2.00,2.00,61.00,5.00,5.00,1994.00,400.00,2.00,15.00,360.00,0.00,,10.00,,,,
2019/05/24 8:44:55 pm GMT-6,4.00,1.00,61.00,4.00,4.00,1997.00,450.00,5.00,5.00,360.00,360.00,,8.00,,,,
2019/05/24 11:11:02 pm GMT-6,5.00,1.00,61.00,5.00,2.00,2009.00,1000.00,2.00,0.00,250.00,360.00,,7.00,,,,
2019/05/25 12:55:22 am GMT-6,2.00,1.00,61.00,4.00,1.00,2015.00,400.00,10.00,100.00,360.00,0.00,,5.00,,,,
2019/05/25 5:33:07 pm GMT-6,4.00,1.00,61.00,5.00,1.00,1999.00,700.00,80.00,0.00,360.00,300.00,,6.00,,,,
2019/05/22 3:36:08 am GMT-6,5.00,2.00,62.00,4.00,2.00,2009.00,625.00,13.00,25.00,360.00,360.00,,6.00,,,,
2019/05/22 6:27:48 am GMT-6,2.00,2.00,62.00,4.00,4.00,1994.00,750.00,5.00,5.00,360.00,0.00,,8.00,,,,
2019/05/22 12:07:24 pm GMT-6,4.00,1.00,62.00,2.00,2.00,1994.00,1000.00,25.00,20.00,360.00,150.00,,4.00,,,,
2019/05/23 4:49:39 am GMT-6,2.00,1.00,62.00,2.00,1.00,2009.00,1200.00,1.00,15.00,360.00,15.00,,3.00,,,,
2019/05/23 5:37:28 am GMT-6,4.00,1.00,62.00,4.00,4.00,1999.00,990.00,4.00,0.00,360.00,100.00,,8.00,,,,
2019/05/24 1:33:20 pm GMT-6,2.00,1.00,62.00,3.00,5.00,2014.00,1000.00,30.00,20.00,360.00,30.00,,8.00,,,,
2019/05/24 3:34:30 pm GMT-6,4.00,1.00,62.00,4.00,1.00,1995.00,1000.00,1.00,4.00,10.00,0.00,,5.00,,,,
2019/05/24 5:55:45 pm GMT-6,4.00,1.00,62.00,4.00,6.00,1989.00,400.00,52.00,52.00,360.00,360.00,,10.00,,,,
2019/05/24 5:56:21 pm GMT-6,4.00,2.00,62.00,4.00,3.00,1997.00,400.00,3.00,2.00,360.00,0.00,,7.00,,,,
2019/05/24 6:01:01 pm GMT-6,2.00,1.00,62.00,1.00,3.00,2007.00,350.00,10.00,2.00,360.00,80.00,,4.00,,,,
2019/05/24 6:09:30 pm GMT-6,2.00,2.00,62.00,1.00,5.00,2014.00,350.00,110.00,30.00,360.00,90.00,,6.00,,,,
2019/05/24 6:11:48 pm GMT-6,3.00,1.00,62.00,5.00,5.00,2011.00,300.00,20.00,40.00,360.00,360.00,,10.00,,,,
2019/05/24 6:50:55 pm GMT-6,3.00,2.00,62.00,5.00,4.00,1984.00,500.00,140.00,100.00,360.00,360.00,,9.00,,,,
2019/05/24 6:53:39 pm GMT-6,2.00,1.00,62.00,1.00,4.00,1999.00,475.00,2.00,2.00,360.00,0.00,,5.00,,,,
2019/05/24 7:49:05 pm GMT-6,1.00,2.00,62.00,2.00,2.00,1994.00,600.00,3.00,12.00,360.00,0.00,,4.00,,,,
2019/05/24 11:27:04 pm GMT-6,4.00,2.00,62.00,8.00,3.00,1979.00,400.00,1.00,2.00,360.00,50.00,,11.00,,,,
2019/05/25 1:28:14 am GMT-6,1.00,1.00,62.00,2.00,4.00,2008.00,550.00,20.00,30.00,360.00,0.00,,6.00,,,,
2019/05/25 8:08:17 am GMT-6,4.00,2.00,62.00,2.00,5.00,2000.00,1000.00,15.00,0.00,360.00,360.00,,7.00,,,,
2019/05/25 8:16:19 am GMT-6,2.00,1.00,62.00,4.00,3.00,2004.00,1900.00,30.00,20.00,336.00,336.00,,7.00,,,,
2019/05/26 3:51:38 am GMT-6,2.00,1.00,62.00,4.00,2.00,2011.00,520.00,10.00,1.00,360.00,360.00,,6.00,,,,
2019/05/22 9:29:48 am GMT-6,4.00,2.00,63.00,4.00,4.00,2007.00,1000.00,2.00,2.00,360.00,360.00,,8.00,,,,
2019/05/22 10:44:55 am GMT-6,3.00,2.00,63.00,4.00,1.00,2003.00,320.00,8.00,30.00,360.00,360.00,,5.00,,,,
2019/05/22 11:46:49 am GMT-6,3.00,1.00,63.00,2.00,3.00,2005.00,450.00,50.00,20.00,360.00,0.00,,5.00,,,,
2019/05/22 3:55:56 pm GMT-6,3.00,1.00,63.00,4.00,3.00,1998.00,650.00,250.00,259.00,360.00,0.00,,7.00,,,,
2019/05/23 2:24:55 pm GMT-6,3.00,2.00,63.00,4.00,1.00,2003.00,320.00,8.00,30.00,360.00,360.00,,5.00,,,,
2019/05/24 3:57:29 pm GMT-6,2.00,1.00,63.00,4.00,5.00,1995.00,440.00,35.00,20.00,360.00,60.00,,9.00,,,,
2019/05/24 5:46:51 pm GMT-6,3.00,2.00,63.00,2.00,3.00,2017.00,450.00,10.00,40.00,360.00,200.00,,5.00,,,,
2019/05/24 5:47:41 pm GMT-6,1.00,2.00,63.00,3.00,4.00,2006.00,400.00,2.00,10.00,360.00,30.00,,7.00,,,,
2019/05/24 5:52:13 pm GMT-6,5.00,1.00,63.00,4.00,5.00,1994.00,500.00,30.00,20.00,50.00,100.00,,9.00,,,,
2019/05/24 6:49:17 pm GMT-6,2.00,1.00,63.00,5.00,2.00,2015.00,450.00,140.00,80.00,360.00,360.00,,7.00,,,,
2019/05/24 6:53:32 pm GMT-6,4.00,1.00,63.00,2.00,3.00,1986.00,850.00,2.00,2.00,360.00,200.00,,5.00,,,,
2019/05/24 9:49:22 pm GMT-6,4.00,2.00,63.00,2.00,4.00,1994.00,460.00,5.00,3.00,360.00,250.00,,6.00,,,,
2019/05/24 3:30:07 pm GMT-6,2.00,1.00,64.00,3.00,4.00,2013.00,290.00,6.00,9.00,360.00,0.00,,7.00,,,,
2019/05/24 3:32:56 pm GMT-6,2.00,2.00,64.00,1.00,1.00,2008.00,400.00,8.00,3.00,360.00,360.00,,2.00,,,,
2019/05/24 5:51:40 pm GMT-6,4.00,1.00,64.00,4.00,5.00,2012.00,400.00,18.00,20.00,360.00,90.00,,9.00,,,,
2019/05/24 6:25:40 pm GMT-6,4.00,1.00,64.00,2.00,1.00,2008.00,360.00,7.00,10.00,360.00,0.00,,3.00,,,,
2019/05/24 6:34:12 pm GMT-6,2.00,1.00,64.00,2.00,8.00,1999.00,400.00,13.00,12.00,360.00,0.00,,10.00,,,,
2019/05/24 6:46:03 pm GMT-6,4.00,1.00,64.00,5.00,4.00,2001.00,750.00,35.00,14.00,360.00,0.00,,9.00,,,,
2019/05/24 7:23:50 pm GMT-6,4.00,2.00,64.00,4.00,5.00,2006.00,1000.00,15.00,10.00,5.00,360.00,,9.00,,,,
2019/05/24 10:02:03 pm GMT-6,5.00,1.00,64.00,5.00,2.00,1993.00,1300.00,70.00,70.00,360.00,360.00,,7.00,,,,
2019/05/25 9:28:26 am GMT-6,2.00,2.00,64.00,5.00,7.00,2007.00,2000.00,3.00,280.00,360.00,360.00,,12.00,,,,
2019/05/25 2:21:22 pm GMT-6,2.00,1.00,64.00,5.00,1.00,1982.00,1000.00,6.00,4.00,360.00,300.00,,6.00,,,,
2019/05/22 3:33:05 am GMT-6,5.00,1.00,65.00,5.00,5.00,2009.00,450.00,10.00,10.00,360.00,360.00,,10.00,,,,
2019/05/22 7:00:18 am GMT-6,4.00,1.00,65.00,4.00,3.00,1992.00,770.00,2.00,0.00,360.00,360.00,,7.00,,,,
2019/05/22 10:31:24 am GMT-6,4.00,1.00,65.00,4.00,3.00,1992.00,770.00,2.00,0.00,360.00,360.00,,7.00,,,,
2019/05/22 11:41:32 am GMT-6,2.00,1.00,65.00,2.00,4.00,2016.00,1900.00,24.00,36.00,360.00,360.00,,6.00,,,,
2019/05/22 11:46:50 am GMT-6,2.00,1.00,65.00,5.00,4.00,1978.00,1200.00,4.00,4.00,300.00,0.00,,9.00,,,,
2019/05/22 2:19:53 pm GMT-6,1.00,1.00,65.00,7.00,2.00,1984.00,1700.00,208.00,12.00,360.00,360.00,,9.00,,,,
2019/05/22 2:31:13 pm GMT-6,4.00,1.00,65.00,7.00,3.00,2001.00,650.00,100.00,100.00,300.00,100.00,,10.00,,,,
2019/05/24 2:57:55 pm GMT-6,4.00,1.00,65.00,2.00,3.00,1994.00,1100.00,10.00,0.00,360.00,0.00,,5.00,,,,
2019/05/24 5:45:53 pm GMT-6,4.00,1.00,65.00,5.00,4.00,2018.00,600.00,1.00,10.00,10.00,360.00,,9.00,,,,
2019/05/24 5:46:45 pm GMT-6,4.00,3.00,65.00,1.00,3.00,2000.00,1500.00,10.00,50.00,360.00,0.00,,4.00,,,,
2019/05/24 5:50:11 pm GMT-6,2.00,3.00,65.00,2.00,2.00,1990.00,550.00,10.00,70.00,360.00,360.00,,4.00,,,,
2019/05/24 5:53:17 pm GMT-6,2.00,1.00,65.00,3.00,3.00,1990.00,500.00,7.00,360.00,360.00,250.00,,6.00,,,,
2019/05/24 5:53:58 pm GMT-6,5.00,2.00,65.00,6.00,3.00,1989.00,650.00,10.00,0.00,360.00,0.00,,9.00,,,,
2019/05/24 5:54:14 pm GMT-6,4.00,2.00,65.00,4.00,4.00,1979.00,400.00,10.00,50.00,360.00,0.00,,8.00,,,,
2019/05/24 5:54:18 pm GMT-6,2.00,1.00,65.00,5.00,3.00,2014.00,1200.00,60.00,30.00,360.00,360.00,,8.00,,,,
2019/05/24 5:55:57 pm GMT-6,5.00,2.00,65.00,4.00,3.00,2004.00,450.00,50.00,0.00,360.00,360.00,,7.00,,,,
2019/05/24 6:00:25 pm GMT-6,5.00,1.00,65.00,3.00,2.00,1984.00,300.00,360.00,1.00,360.00,0.00,,5.00,,,,
2019/05/24 6:06:35 pm GMT-6,4.00,1.00,65.00,3.00,4.00,1982.00,750.00,2.00,0.00,360.00,360.00,,7.00,,,,
2019/05/24 6:21:17 pm GMT-6,4.00,1.00,65.00,5.00,4.00,1989.00,506.00,360.00,20.00,360.00,360.00,,9.00,,,,
2019/05/24 6:22:10 pm GMT-6,2.00,1.00,65.00,2.00,3.00,2004.00,450.00,1.00,0.00,360.00,360.00,,5.00,,,,
2019/05/24 6:32:06 pm GMT-6,4.00,1.00,65.00,4.00,2.00,2011.00,750.00,180.00,95.00,360.00,0.00,,6.00,,,,
2019/05/24 6:33:13 pm GMT-6,4.00,1.00,65.00,2.00,1.00,1989.00,800.00,30.00,0.00,360.00,25.00,,3.00,,,,
2019/05/24 6:34:57 pm GMT-6,4.00,2.00,65.00,3.00,5.00,1989.00,1000.00,360.00,360.00,360.00,100.00,,8.00,,,,
2019/05/24 6:41:08 pm GMT-6,1.00,4.00,65.00,3.00,3.00,2011.00,1200.00,20.00,3.00,360.00,360.00,,6.00,,,,
2019/05/24 6:43:22 pm GMT-6,3.00,2.00,65.00,3.00,4.00,1977.00,450.00,40.00,360.00,360.00,360.00,,7.00,,,,
2019/05/24 6:48:07 pm GMT-6,2.00,1.00,65.00,4.00,4.00,2004.00,1000.00,12.00,0.00,360.00,360.00,,8.00,,,,
2019/05/24 6:55:27 pm GMT-6,2.00,2.00,65.00,11.00,3.00,2008.00,1000.00,10.00,15.00,360.00,250.00,,14.00,,,,
2019/05/24 7:07:33 pm GMT-6,4.00,1.00,65.00,7.00,8.00,1998.00,500.00,15.00,13.00,360.00,280.00,,15.00,,,,
2019/05/24 7:29:23 pm GMT-6,4.00,3.00,65.00,4.00,4.00,1994.00,300.00,3.00,0.00,360.00,0.00,,8.00,,,,
2019/05/24 8:15:53 pm GMT-6,5.00,3.00,65.00,2.00,5.00,2003.00,400.00,208.00,200.00,260.00,0.00,,7.00,,,,
2019/05/24 8:18:43 pm GMT-6,2.00,1.00,65.00,2.00,4.00,1999.00,800.00,4.00,5.00,20.00,25.00,,6.00,,,,
2019/05/24 9:04:27 pm GMT-6,4.00,1.00,65.00,2.00,3.00,2007.00,400.00,12.00,12.00,270.00,270.00,,5.00,,,,
2019/05/24 10:10:03 pm GMT-6,4.00,1.00,65.00,3.00,5.00,2008.00,500.00,360.00,200.00,360.00,35.00,,8.00,,,,
2019/05/24 10:45:26 pm GMT-6,2.00,1.00,65.00,3.00,3.00,2007.00,1000.00,50.00,20.00,360.00,40.00,,6.00,,,,
2019/05/25 3:49:32 am GMT-6,2.00,1.00,65.00,6.00,4.00,2006.00,400.00,150.00,360.00,360.00,0.00,,10.00,,,,
2019/05/25 6:36:55 am GMT-6,4.00,1.00,65.00,5.00,6.00,1989.00,400.00,40.00,20.00,360.00,0.00,,11.00,,,,
2019/05/25 7:28:36 am GMT-6,2.00,1.00,65.00,2.00,2.00,1999.00,700.00,2.00,60.00,40.00,360.00,,4.00,,,,
2019/05/25 7:32:31 am GMT-6,2.00,1.00,65.00,2.00,2.00,1999.00,700.00,2.00,40.00,30.00,360.00,,4.00,,,,
2019/05/25 8:35:03 am GMT-6,2.00,3.00,65.00,2.00,7.00,2014.00,700.00,48.00,12.00,360.00,30.00,,9.00,,,,
2019/05/25 10:25:40 am GMT-6,5.00,3.00,65.00,6.00,3.00,1993.00,700.00,2.00,2.00,360.00,360.00,,9.00,,,,
2019/05/25 1:42:29 pm GMT-6,4.00,1.00,65.00,4.00,1.00,1989.00,900.00,2.00,12.00,360.00,360.00,,5.00,,,,
2019/05/25 5:53:07 pm GMT-6,3.00,1.00,65.00,6.00,4.00,1999.00,1500.00,10.00,10.00,360.00,0.00,,10.00,,,,
2019/05/26 4:02:20 am GMT-6,4.00,1.00,65.00,2.00,3.00,1994.00,1100.00,10.00,0.00,360.00,0.00,,5.00,,,,
2019/05/26 5:13:53 pm GMT-6,2.00,2.00,65.00,4.00,3.00,2008.00,450.00,100.00,0.00,360.00,0.00,,7.00,,,,
2019/05/30 11:20:06 am GMT-6,5.00,1.00,65.00,3.00,3.00,1985.00,1200.00,30.00,60.00,360.00,0.00,,6.00,,,,
2019/05/22 11:34:16 am GMT-6,2.00,1.00,66.00,6.00,3.00,2004.00,1200.00,50.00,50.00,360.00,360.00,,9.00,,,,
2019/05/22 12:27:14 pm GMT-6,2.00,1.00,66.00,4.00,2.00,1989.00,2500.00,4.00,0.00,360.00,30.00,,6.00,,,,
2019/05/24 5:54:15 pm GMT-6,5.00,1.00,66.00,1.00,4.00,2007.00,320.00,80.00,90.00,360.00,0.00,,5.00,,,,
2019/05/24 5:55:13 pm GMT-6,2.00,1.00,66.00,3.00,3.00,2002.00,400.00,20.00,15.00,360.00,150.00,,6.00,,,,
2019/05/24 6:01:36 pm GMT-6,4.00,1.00,66.00,3.00,2.00,1994.00,900.00,12.00,0.00,360.00,360.00,,5.00,,,,
2019/05/24 6:08:14 pm GMT-6,4.00,1.00,66.00,7.00,2.00,1992.00,484.00,4.00,52.00,360.00,360.00,,9.00,,,,
2019/05/24 6:16:22 pm GMT-6,2.00,1.00,66.00,4.00,4.00,2006.00,1000.00,4.00,2.00,360.00,360.00,,8.00,,,,
2019/05/24 8:52:10 pm GMT-6,4.00,2.00,66.00,4.00,4.00,1985.00,650.00,5.00,5.00,360.00,3.00,,8.00,,,,
2019/05/24 9:24:23 pm GMT-6,2.00,2.00,66.00,2.00,2.00,2008.00,350.00,20.00,60.00,360.00,260.00,,4.00,,,,
2019/06/02 7:11:48 am GMT-6,2.00,1.00,66.00,3.00,2.00,2009.00,1800.00,4.00,24.00,360.00,360.00,,5.00,,,,
2019/05/22 6:49:07 am GMT-6,1.00,2.00,67.00,2.00,2.00,1999.00,2500.00,6.00,10.00,360.00,100.00,,4.00,,,,
2019/05/22 4:37:21 pm GMT-6,2.00,2.00,67.00,1.00,5.00,1995.00,3000.00,2.00,3.00,360.00,360.00,,6.00,,,,
2019/05/23 7:16:57 am GMT-6,2.00,2.00,67.00,1.00,5.00,1995.00,3000.00,2.00,3.00,360.00,360.00,,6.00,,,,
2019/05/24 11:55:14 am GMT-6,4.00,1.00,67.00,5.00,4.00,1986.00,1000.00,150.00,50.00,360.00,100.00,,9.00,,,,
2019/05/24 12:26:37 pm GMT-6,1.00,4.00,67.00,2.00,3.00,1991.00,300.00,360.00,360.00,360.00,0.00,,5.00,,,,
2019/05/24 2:45:07 pm GMT-6,1.00,1.00,67.00,3.00,2.00,1994.00,1000.00,4.00,360.00,360.00,3.00,,5.00,,,,
2019/05/24 5:46:55 pm GMT-6,1.00,2.00,67.00,10.00,6.00,2014.00,850.00,36.00,3.00,360.00,360.00,,16.00,,,,
2019/05/24 5:46:59 pm GMT-6,4.00,1.00,67.00,10.00,5.00,1993.00,700.00,10.00,30.00,360.00,300.00,,15.00,,,,
2019/05/24 5:48:29 pm GMT-6,1.00,1.00,67.00,5.00,4.00,2004.00,500.00,52.00,5.00,360.00,360.00,,9.00,,,,
2019/05/24 8:21:55 pm GMT-6,4.00,1.00,67.00,5.00,3.00,1998.00,500.00,10.00,25.00,360.00,100.00,,8.00,,,,
2019/05/25 11:52:50 am GMT-6,5.00,1.00,67.00,5.00,4.00,2011.00,870.00,360.00,100.00,360.00,0.00,,9.00,,,,
2019/05/22 12:39:40 pm GMT-6,1.00,1.00,68.00,5.00,3.00,1999.00,650.00,3.00,4.00,360.00,360.00,,8.00,,,,
2019/05/22 1:21:41 pm GMT-6,1.00,1.00,68.00,3.00,4.00,1987.00,4000.00,1.00,10.00,160.00,360.00,,7.00,,,,
2019/05/24 11:58:43 am GMT-6,2.00,3.00,68.00,4.00,4.00,2000.00,10000.00,14.00,30.00,360.00,100.00,,8.00,,,,
2019/05/24 5:59:32 pm GMT-6,5.00,1.00,68.00,8.00,6.00,2009.00,625.00,10.00,30.00,20.00,360.00,,14.00,,,,
2019/05/24 6:06:22 pm GMT-6,5.00,2.00,68.00,6.00,1.00,1987.00,400.00,20.00,0.00,360.00,360.00,,7.00,,,,
2019/05/24 6:38:12 pm GMT-6,5.00,3.00,68.00,4.00,0.00,1986.00,500.00,0.00,0.00,360.00,52.00,,4.00,,,,
2019/05/24 7:54:10 pm GMT-6,2.00,3.00,68.00,3.00,3.00,2006.00,580.00,10.00,40.00,330.00,300.00,,6.00,,,,
2019/05/24 8:37:02 pm GMT-6,4.00,1.00,68.00,6.00,6.00,1987.00,400.00,50.00,100.00,360.00,360.00,,12.00,,,,
2019/05/24 9:30:31 pm GMT-6,4.00,1.00,68.00,2.00,3.00,1998.00,500.00,8.00,20.00,360.00,360.00,,5.00,,,,
2019/05/23 3:09:21 am GMT-6,4.00,1.00,69.00,2.00,2.00,1989.00,900.00,200.00,100.00,360.00,300.00,,4.00,,,,
2019/05/24 7:31:06 pm GMT-6,2.00,2.00,69.00,6.00,5.00,1984.00,600.00,120.00,150.00,200.00,40.00,,11.00,,,,
2019/05/22 5:03:16 am GMT-6,5.00,1.00,70.00,6.00,3.00,1994.00,400.00,5.00,10.00,360.00,0.00,,9.00,,,,
2019/05/22 5:53:10 am GMT-6,4.00,1.00,70.00,2.00,2.00,1989.00,1000.00,100.00,2.00,360.00,200.00,,4.00,,,,
2019/05/22 8:02:55 am GMT-6,3.00,3.00,70.00,3.00,4.00,2009.00,700.00,24.00,36.00,360.00,360.00,,7.00,,,,
2019/05/22 8:20:17 am GMT-6,3.00,4.00,70.00,1.00,3.00,1979.00,500.00,2.00,0.00,360.00,250.00,,4.00,,,,
2019/05/22 11:52:55 am GMT-6,2.00,1.00,70.00,8.00,4.00,2013.00,750.00,30.00,30.00,360.00,360.00,,12.00,,,,
2019/05/22 12:34:56 pm GMT-6,2.00,1.00,70.00,3.00,0.00,1989.00,850.00,4.00,5.00,10.00,200.00,,3.00,,,,
2019/05/22 2:03:04 pm GMT-6,2.00,1.00,70.00,1.00,1.00,1989.00,1000.00,100.00,50.00,30.00,20.00,,2.00,,,,
2019/05/22 3:15:49 pm GMT-6,1.00,3.00,70.00,4.00,1.00,2016.00,300.00,60.00,0.00,360.00,0.00,,5.00,,,,
2019/05/22 6:18:45 pm GMT-6,2.00,1.00,70.00,8.00,4.00,2013.00,750.00,30.00,30.00,360.00,360.00,,12.00,,,,
2019/05/23 2:45:50 am GMT-6,2.00,1.00,70.00,3.00,4.00,2007.00,900.00,20.00,6.00,360.00,15.00,,7.00,,,,
2019/05/24 11:38:53 am GMT-6,4.00,1.00,70.00,10.00,2.00,1995.00,750.00,20.00,0.00,360.00,3.00,,12.00,,,,
2019/05/24 11:46:25 am GMT-6,2.00,1.00,70.00,6.00,4.00,2009.00,2500.00,6.00,6.00,360.00,0.00,,10.00,,,,
2019/05/24 11:51:13 am GMT-6,2.00,1.00,70.00,6.00,3.00,1990.00,1200.00,5.00,8.00,360.00,300.00,,9.00,,,,
2019/05/24 12:21:15 pm GMT-6,4.00,3.00,70.00,0.00,0.00,1992.00,630.00,7.00,3.00,200.00,30.00,,0.00,,,,
2019/05/24 12:31:18 pm GMT-6,4.00,1.00,70.00,2.00,5.00,1994.00,1700.00,30.00,40.00,360.00,150.00,,7.00,,,,
2019/05/24 1:10:28 pm GMT-6,2.00,2.00,70.00,2.00,5.00,2008.00,2000.00,20.00,40.00,360.00,10.00,,7.00,,,,
2019/05/24 1:50:00 pm GMT-6,1.00,2.00,70.00,4.00,1.00,1985.00,600.00,20.00,0.00,12.00,360.00,,5.00,,,,
2019/05/24 3:06:46 pm GMT-6,3.00,1.00,70.00,3.00,6.00,1979.00,400.00,300.00,300.00,360.00,0.00,,9.00,,,,
2019/05/24 3:19:20 pm GMT-6,2.00,1.00,70.00,2.00,2.00,1987.00,1200.00,100.00,100.00,360.00,360.00,,4.00,,,,
2019/05/24 5:49:48 pm GMT-6,4.00,1.00,70.00,4.00,4.00,1994.00,250.00,70.00,90.00,360.00,180.00,,8.00,,,,
2019/05/24 6:08:43 pm GMT-6,2.00,2.00,70.00,4.00,7.00,2014.00,900.00,20.00,1.00,360.00,300.00,,11.00,,,,
2019/05/24 6:29:09 pm GMT-6,2.00,2.00,70.00,5.00,2.00,1997.00,660.00,4.00,25.00,100.00,360.00,,7.00,,,,
2019/05/24 6:44:29 pm GMT-6,2.00,1.00,70.00,3.00,4.00,2003.00,700.00,1.00,1.00,360.00,360.00,,7.00,,,,
2019/05/24 7:01:11 pm GMT-6,4.00,1.00,70.00,5.00,5.00,1978.00,500.00,104.00,2.00,360.00,0.00,,10.00,,,,
2019/05/24 7:14:33 pm GMT-6,2.00,1.00,70.00,3.00,4.00,1979.00,600.00,22.00,20.00,360.00,18.00,,7.00,,,,
2019/05/24 7:22:07 pm GMT-6,2.00,3.00,70.00,4.00,4.00,2000.00,1500.00,12.00,12.00,360.00,360.00,,8.00,,,,
2019/05/24 7:43:53 pm GMT-6,2.00,2.00,70.00,4.00,6.00,1998.00,2000.00,25.00,10.00,360.00,360.00,,10.00,,,,
2019/05/24 8:18:33 pm GMT-6,2.00,1.00,70.00,4.00,3.00,1999.00,700.00,3.00,4.00,360.00,0.00,,7.00,,,,
2019/05/24 8:49:34 pm GMT-6,5.00,1.00,70.00,3.00,3.00,2010.00,2000.00,200.00,50.00,360.00,0.00,,6.00,,,,
2019/05/24 10:36:00 pm GMT-6,4.00,1.00,70.00,6.00,3.00,2016.00,800.00,30.00,10.00,360.00,360.00,,9.00,,,,
2019/05/25 8:24:40 am GMT-6,4.00,1.00,70.00,5.00,3.00,2007.00,900.00,12.00,52.00,360.00,50.00,,8.00,,,,
2019/05/25 9:05:44 am GMT-6,2.00,1.00,70.00,2.00,3.00,1999.00,750.00,4.00,4.00,360.00,360.00,,5.00,,,,
2019/05/25 4:58:42 pm GMT-6,5.00,1.00,70.00,5.00,2.00,1984.00,625.00,80.00,20.00,360.00,360.00,,7.00,,,,
2019/05/25 5:41:55 pm GMT-6,2.00,1.00,70.00,3.00,3.00,1980.00,170.00,4.00,4.00,360.00,0.00,,6.00,,,,
2019/05/26 11:02:56 am GMT-6,4.00,1.00,70.00,4.00,8.00,1995.00,800.00,100.00,40.00,300.00,360.00,,12.00,,,,
2019/05/24 4:53:15 pm GMT-6,5.00,2.00,72.00,4.00,3.00,1994.00,500.00,20.00,30.00,360.00,80.00,,7.00,,,,
2019/05/24 5:48:01 pm GMT-6,2.00,2.00,72.00,7.00,3.00,2018.00,450.00,4.00,10.00,360.00,360.00,,10.00,,,,
2019/05/24 6:43:25 pm GMT-6,3.00,3.00,72.00,6.00,6.00,1999.00,1000.00,10.00,6.00,360.00,0.00,,12.00,,,,
2019/05/24 6:49:10 pm GMT-6,5.00,2.00,72.00,5.00,4.00,2011.00,375.00,300.00,60.00,360.00,0.00,,9.00,,,,
2019/05/24 7:36:25 pm GMT-6,1.00,1.00,72.00,4.00,3.00,1989.00,900.00,100.00,50.00,360.00,360.00,,7.00,,,,
2019/05/24 8:01:10 pm GMT-6,5.00,1.00,72.00,3.00,5.00,1989.00,450.00,25.00,0.00,360.00,0.00,,8.00,,,,
2019/05/25 2:29:18 am GMT-6,2.00,3.00,72.00,6.00,11.00,2010.00,10000.00,10.00,10.00,330.00,300.00,,17.00,,,,
2019/05/24 8:40:32 pm GMT-6,4.00,2.00,73.00,6.00,4.00,2014.00,2000.00,21.00,0.00,360.00,360.00,,10.00,,,,
2019/05/24 10:11:45 pm GMT-6,5.00,1.00,73.00,3.00,5.00,2012.00,730.00,30.00,15.00,360.00,360.00,,8.00,,,,
2019/05/24 5:56:50 pm GMT-6,4.00,4.00,74.00,4.00,4.00,2005.00,500.00,30.00,10.00,360.00,360.00,,8.00,,,,
2019/05/22 11:36:43 am GMT-6,2.00,2.00,75.00,4.00,6.00,2000.00,2400.00,1.00,0.00,360.00,360.00,,10.00,,,,
2019/05/23 9:20:00 pm GMT-6,1.00,1.00,75.00,0.00,2.00,1989.00,1000.00,4.00,40.00,360.00,360.00,,2.00,,,,
2019/05/24 12:18:37 pm GMT-6,4.00,2.00,75.00,1.00,0.00,1978.00,640.00,5.00,5.00,360.00,360.00,,1.00,,,,
2019/05/24 12:53:10 pm GMT-6,4.00,1.00,75.00,4.00,1.00,1985.00,300.00,1.00,2.00,360.00,360.00,,5.00,,,,
2019/05/24 5:14:50 pm GMT-6,1.00,2.00,75.00,4.00,4.00,1989.00,8000.00,360.00,12.00,360.00,360.00,,8.00,,,,
2019/05/24 5:50:11 pm GMT-6,1.00,1.00,75.00,3.00,3.00,2008.00,500.00,100.00,100.00,360.00,0.00,,6.00,,,,
2019/05/24 5:52:02 pm GMT-6,5.00,1.00,75.00,4.00,4.00,1988.00,400.00,120.00,50.00,360.00,360.00,,8.00,,,,
2019/05/24 6:11:38 pm GMT-6,2.00,1.00,75.00,3.00,3.00,1984.00,1000.00,5.00,8.00,360.00,360.00,,6.00,,,,
2019/05/24 6:56:11 pm GMT-6,2.00,3.00,75.00,4.00,4.00,1989.00,750.00,1.00,1.00,3.00,360.00,,8.00,,,,
2019/05/24 7:05:46 pm GMT-6,5.00,2.00,75.00,7.00,4.00,1982.00,600.00,10.00,2.00,360.00,60.00,,11.00,,,,
2019/05/24 9:57:28 pm GMT-6,2.00,1.00,75.00,5.00,4.00,1999.00,950.00,50.00,25.00,360.00,0.00,,9.00,,,,
2019/05/27 8:59:21 pm GMT-6,2.00,3.00,75.00,2.00,2.00,2018.00,800.00,50.00,0.00,360.00,360.00,,4.00,,,,
2019/05/24 6:04:15 pm GMT-6,5.00,1.00,76.00,2.00,2.00,1989.00,560.00,6.00,6.00,40.00,0.00,,4.00,,,,
2019/05/25 1:32:42 pm GMT-6,4.00,1.00,76.00,4.00,3.00,1989.00,800.00,24.00,5.00,200.00,360.00,,7.00,,,,
2019/05/24 7:52:43 pm GMT-6,2.00,1.00,77.00,1.00,1.00,1994.00,2000.00,300.00,30.00,360.00,360.00,,2.00,,,,
2019/05/25 10:44:02 am GMT-6,2.00,1.00,77.00,4.00,5.00,2003.00,2500.00,12.00,6.00,100.00,100.00,,9.00,,,,
2019/05/22 2:35:24 pm GMT-6,2.00,2.00,78.00,2.00,1.00,2011.00,750.00,2.00,10.00,360.00,360.00,,3.00,,,,
2019/05/24 12:34:47 pm GMT-6,1.00,2.00,78.00,2.00,1.00,1974.00,600.00,50.00,30.00,360.00,360.00,,3.00,,,,
2019/05/24 6:12:43 pm GMT-6,5.00,3.00,78.00,2.00,3.00,1979.00,600.00,5.00,2.00,360.00,0.00,,5.00,,,,
2019/05/29 4:17:20 pm GMT-6,1.00,1.00,78.00,1.00,3.00,2004.00,365.00,1.00,1.00,360.00,360.00,,4.00,,,,
2019/05/22 5:43:12 pm GMT-6,2.00,1.00,80.00,4.00,3.00,1984.00,529.00,5.00,5.00,360.00,200.00,,7.00,,,,
2019/05/24 11:41:24 am GMT-6,2.00,2.00,80.00,5.00,3.00,1999.00,700.00,4.00,12.00,360.00,0.00,,8.00,,,,
2019/05/24 1:26:34 pm GMT-6,1.00,3.00,80.00,4.00,6.00,1979.00,800.00,30.00,20.00,360.00,360.00,,10.00,,,,
2019/05/24 7:04:14 pm GMT-6,4.00,1.00,80.00,3.00,4.00,2001.00,750.00,40.00,0.00,360.00,360.00,,7.00,,,,
2019/05/24 9:08:41 pm GMT-6,2.00,1.00,80.00,2.00,2.00,2006.00,1750.00,25.00,10.00,100.00,250.00,,4.00,,,,
2019/05/25 7:39:43 am GMT-6,4.00,1.00,80.00,2.00,1.00,1986.00,800.00,10.00,10.00,360.00,10.00,,3.00,,,,
2019/05/25 10:26:20 am GMT-6,5.00,2.00,80.00,4.00,2.00,1984.00,900.00,24.00,0.00,360.00,360.00,,6.00,,,,
2019/05/24 5:48:09 pm GMT-6,1.00,3.00,83.00,2.00,4.00,2008.00,800.00,10.00,0.00,360.00,360.00,,6.00,,,,
2019/05/25 5:46:12 pm GMT-6,5.00,1.00,83.00,0.00,0.00,1989.00,700.00,4.00,0.00,360.00,0.00,,0.00,,,,
2019/05/22 7:15:43 pm GMT-6,5.00,3.00,84.00,2.00,3.00,1994.00,1000.00,50.00,70.00,360.00,0.00,,5.00,,,,
2019/05/25 6:12:56 pm GMT-6,5.00,1.00,84.00,2.00,1.00,1989.00,2000.00,52.00,52.00,52.00,360.00,,3.00,,,,
2019/05/24 6:00:43 pm GMT-6,2.00,1.00,85.00,8.00,6.00,1985.00,750.00,10.00,20.00,360.00,360.00,,14.00,,,,
2019/05/22 1:57:31 pm GMT-6,1.00,1.00,89.00,3.00,4.00,1989.00,600.00,50.00,20.00,30.00,60.00,,7.00,,,,
,,,,,,,,,,,,,,,,,
,,,,,,,,,,,,,,,,,
,,,,,,,,,,,,,,,,,
,,,,,,,,,,,,,,,,,
,,,,,,,,,,,,,,,,,
,,,,,,,,,,,,,,,,,
,,,,,,,,,,, ,,,,,,
